"id","user_id","song_id","listened_at","played_seconds","played_percent","is_completed","created_at","updated_at"
"1","2","7","2026-03-21 06:40:04",NULL,NULL,"0","2026-03-21 06:40:04","2026-03-21 06:40:04"
"2","2","13","2026-04-03 20:17:42",NULL,NULL,"0","2026-04-03 20:17:42","2026-04-03 20:17:42"
"3","2","8","2026-04-16 21:22:10",NULL,NULL,"0","2026-04-16 21:22:10","2026-04-16 21:22:10"
"4","2","11","2026-03-29 22:53:22",NULL,NULL,"0","2026-03-29 22:53:22","2026-03-29 22:53:22"
"5","2","13","2026-03-28 07:47:20",NULL,NULL,"0","2026-03-28 07:47:20","2026-03-28 07:47:20"
"6","2","11","2026-04-18 14:51:05",NULL,NULL,"0","2026-04-18 14:51:05","2026-04-18 14:51:05"
"7","2","4","2026-04-13 16:17:29",NULL,NULL,"0","2026-04-13 16:17:29","2026-04-13 16:17:29"
"8","2","4","2026-03-24 21:26:29",NULL,NULL,"0","2026-03-24 21:26:29","2026-03-24 21:26:29"
"9","2","7","2026-04-09 12:49:08",NULL,NULL,"0","2026-04-09 12:49:08","2026-04-09 12:49:08"
"10","2","12","2026-04-17 18:52:10",NULL,NULL,"0","2026-04-17 18:52:10","2026-04-17 18:52:10"
"11","2","3","2026-03-22 19:17:02",NULL,NULL,"0","2026-03-22 19:17:02","2026-03-22 19:17:02"
"12","2","8","2026-04-16 17:49:06",NULL,NULL,"0","2026-04-16 17:49:06","2026-04-16 17:49:06"
"13","2","5","2026-04-03 13:34:14",NULL,NULL,"0","2026-04-03 13:34:14","2026-04-03 13:34:14"
"14","2","14","2026-04-13 09:29:11",NULL,NULL,"0","2026-04-13 09:29:11","2026-04-13 09:29:11"
"15","2","5","2026-04-18 09:50:57",NULL,NULL,"0","2026-04-18 09:50:57","2026-04-18 09:50:57"
"16","2","11","2026-04-06 23:11:19",NULL,NULL,"0","2026-04-06 23:11:19","2026-04-06 23:11:19"
"17","2","1","2026-04-08 14:24:49",NULL,NULL,"0","2026-04-08 14:24:49","2026-04-08 14:24:49"
"18","2","8","2026-03-22 22:27:54",NULL,NULL,"0","2026-03-22 22:27:54","2026-03-22 22:27:54"
"19","2","7","2026-04-05 09:44:54",NULL,NULL,"0","2026-04-05 09:44:54","2026-04-05 09:44:54"
"20","2","4","2026-04-05 23:26:49",NULL,NULL,"0","2026-04-05 23:26:49","2026-04-05 23:26:49"
"21","2","3","2026-04-18 20:48:05",NULL,NULL,"0","2026-04-18 20:48:05","2026-04-18 20:48:05"
"22","2","1","2026-04-07 21:52:04",NULL,NULL,"0","2026-04-07 21:52:04","2026-04-07 21:52:04"
"23","2","14","2026-04-05 13:10:19",NULL,NULL,"0","2026-04-05 13:10:19","2026-04-05 13:10:19"
"24","2","3","2026-03-29 22:11:29",NULL,NULL,"0","2026-03-29 22:11:29","2026-03-29 22:11:29"
"25","2","7","2026-04-11 19:19:29",NULL,NULL,"0","2026-04-11 19:19:29","2026-04-11 19:19:29"
"26","2","12","2026-04-05 19:57:13",NULL,NULL,"0","2026-04-05 19:57:13","2026-04-05 19:57:13"
"27","2","9","2026-03-26 16:27:15",NULL,NULL,"0","2026-03-26 16:27:15","2026-03-26 16:27:15"
"28","2","9","2026-04-16 06:45:29",NULL,NULL,"0","2026-04-16 06:45:29","2026-04-16 06:45:29"
"29","2","14","2026-04-10 13:56:26",NULL,NULL,"0","2026-04-10 13:56:26","2026-04-10 13:56:26"
"30","2","5","2026-03-29 05:56:07",NULL,NULL,"0","2026-03-29 05:56:07","2026-03-29 05:56:07"
"31","2","4","2026-04-17 12:46:20",NULL,NULL,"0","2026-04-17 12:46:20","2026-04-17 12:46:20"
"32","2","6","2026-04-10 17:41:35",NULL,NULL,"0","2026-04-10 17:41:35","2026-04-10 17:41:35"
"33","2","4","2026-03-27 20:12:36",NULL,NULL,"0","2026-03-27 20:12:36","2026-03-27 20:12:36"
"34","2","10","2026-03-20 10:13:01",NULL,NULL,"0","2026-03-20 10:13:01","2026-03-20 10:13:01"
"35","2","7","2026-03-21 20:27:57",NULL,NULL,"0","2026-03-21 20:27:57","2026-03-21 20:27:57"
"36","2","8","2026-04-12 12:24:07",NULL,NULL,"0","2026-04-12 12:24:07","2026-04-12 12:24:07"
"37","2","10","2026-04-08 12:07:56",NULL,NULL,"0","2026-04-08 12:07:56","2026-04-08 12:07:56"
"38","2","1","2026-04-09 15:31:01",NULL,NULL,"0","2026-04-09 15:31:01","2026-04-09 15:31:01"
"39","2","13","2026-04-16 19:47:55",NULL,NULL,"0","2026-04-16 19:47:55","2026-04-16 19:47:55"
"40","2","8","2026-04-15 08:40:39",NULL,NULL,"0","2026-04-15 08:40:39","2026-04-15 08:40:39"
"41","2","11","2026-04-07 09:49:29",NULL,NULL,"0","2026-04-07 09:49:29","2026-04-07 09:49:29"
"42","2","14","2026-04-17 22:09:00",NULL,NULL,"0","2026-04-17 22:09:00","2026-04-17 22:09:00"
"43","2","3","2026-03-29 19:47:12",NULL,NULL,"0","2026-03-29 19:47:12","2026-03-29 19:47:12"
"44","2","4","2026-04-15 08:00:52",NULL,NULL,"0","2026-04-15 08:00:52","2026-04-15 08:00:52"
"45","2","4","2026-03-28 20:14:22",NULL,NULL,"0","2026-03-28 20:14:22","2026-03-28 20:14:22"
"46","2","5","2026-04-16 19:35:42",NULL,NULL,"0","2026-04-16 19:35:42","2026-04-16 19:35:42"
"47","2","8","2026-03-21 22:47:54",NULL,NULL,"0","2026-03-21 22:47:54","2026-03-21 22:47:54"
"48","2","7","2026-03-22 19:10:09",NULL,NULL,"0","2026-03-22 19:10:09","2026-03-22 19:10:09"
"49","2","4","2026-04-07 21:28:32",NULL,NULL,"0","2026-04-07 21:28:32","2026-04-07 21:28:32"
"50","2","10","2026-03-22 15:18:10",NULL,NULL,"0","2026-03-22 15:18:10","2026-03-22 15:18:10"
"51","2","5","2026-03-30 20:08:23",NULL,NULL,"0","2026-03-30 20:08:23","2026-03-30 20:08:23"
"52","2","14","2026-04-08 21:02:57",NULL,NULL,"0","2026-04-08 21:02:57","2026-04-08 21:02:57"
"53","2","3","2026-04-13 22:53:03",NULL,NULL,"0","2026-04-13 22:53:03","2026-04-13 22:53:03"
"102","64","3","2026-03-25 19:01:59",NULL,NULL,"0","2026-03-25 19:01:59","2026-03-25 19:01:59"
"103","64","10","2026-04-06 20:39:29",NULL,NULL,"0","2026-04-06 20:39:29","2026-04-06 20:39:29"
"104","64","2","2026-03-24 21:16:37",NULL,NULL,"0","2026-03-24 21:16:37","2026-03-24 21:16:37"
"105","64","13","2026-03-29 17:00:24",NULL,NULL,"0","2026-03-29 17:00:24","2026-03-29 17:00:24"
"106","64","10","2026-04-05 07:50:47",NULL,NULL,"0","2026-04-05 07:50:47","2026-04-05 07:50:47"
"107","64","1","2026-03-29 06:09:38",NULL,NULL,"0","2026-03-29 06:09:38","2026-03-29 06:09:38"
"108","64","2","2026-04-10 22:26:40",NULL,NULL,"0","2026-04-10 22:26:40","2026-04-10 22:26:40"
"109","64","12","2026-04-13 08:44:02",NULL,NULL,"0","2026-04-13 08:44:02","2026-04-13 08:44:02"
"110","64","8","2026-03-27 22:40:50",NULL,NULL,"0","2026-03-27 22:40:50","2026-03-27 22:40:50"
"111","64","6","2026-03-21 14:14:53",NULL,NULL,"0","2026-03-21 14:14:53","2026-03-21 14:14:53"
"112","64","5","2026-03-26 08:02:11",NULL,NULL,"0","2026-03-26 08:02:11","2026-03-26 08:02:11"
"113","64","2","2026-04-12 11:18:09",NULL,NULL,"0","2026-04-12 11:18:09","2026-04-12 11:18:09"
"114","64","8","2026-03-24 08:38:08",NULL,NULL,"0","2026-03-24 08:38:08","2026-03-24 08:38:08"
"115","64","11","2026-03-20 22:13:48",NULL,NULL,"0","2026-03-20 22:13:48","2026-03-20 22:13:48"
"116","64","1","2026-03-21 08:46:05",NULL,NULL,"0","2026-03-21 08:46:05","2026-03-21 08:46:05"
"117","64","6","2026-04-13 14:43:06",NULL,NULL,"0","2026-04-13 14:43:06","2026-04-13 14:43:06"
"118","64","11","2026-03-24 07:52:27",NULL,NULL,"0","2026-03-24 07:52:27","2026-03-24 07:52:27"
"119","64","4","2026-03-23 18:55:14",NULL,NULL,"0","2026-03-23 18:55:14","2026-03-23 18:55:14"
"120","64","5","2026-03-31 10:17:06",NULL,NULL,"0","2026-03-31 10:17:06","2026-03-31 10:17:06"
"121","64","2","2026-03-23 12:11:16",NULL,NULL,"0","2026-03-23 12:11:16","2026-03-23 12:11:16"
"122","64","13","2026-03-31 15:24:20",NULL,NULL,"0","2026-03-31 15:24:20","2026-03-31 15:24:20"
"123","64","9","2026-03-31 15:12:33",NULL,NULL,"0","2026-03-31 15:12:33","2026-03-31 15:12:33"
"124","64","9","2026-04-06 04:22:33",NULL,NULL,"0","2026-04-06 04:22:33","2026-04-06 04:22:33"
"125","64","13","2026-04-09 07:03:36",NULL,NULL,"0","2026-04-09 07:03:36","2026-04-09 07:03:36"
"126","64","5","2026-04-18 19:14:05",NULL,NULL,"0","2026-04-18 19:14:05","2026-04-18 19:14:05"
"127","64","1","2026-04-11 16:34:11",NULL,NULL,"0","2026-04-11 16:34:11","2026-04-11 16:34:11"
"128","64","14","2026-04-05 19:08:44",NULL,NULL,"0","2026-04-05 19:08:44","2026-04-05 19:08:44"
"129","64","6","2026-03-22 14:25:52",NULL,NULL,"0","2026-03-22 14:25:52","2026-03-22 14:25:52"
"130","64","10","2026-04-06 14:08:06",NULL,NULL,"0","2026-04-06 14:08:06","2026-04-06 14:08:06"
"131","64","9","2026-04-12 20:09:36",NULL,NULL,"0","2026-04-12 20:09:36","2026-04-12 20:09:36"
"132","64","11","2026-04-18 21:09:31",NULL,NULL,"0","2026-04-18 21:09:31","2026-04-18 21:09:31"
"133","64","10","2026-04-12 05:56:05",NULL,NULL,"0","2026-04-12 05:56:05","2026-04-12 05:56:05"
"134","64","11","2026-04-17 12:43:42",NULL,NULL,"0","2026-04-17 12:43:42","2026-04-17 12:43:42"
"135","64","1","2026-03-23 20:19:33",NULL,NULL,"0","2026-03-23 20:19:33","2026-03-23 20:19:33"
"136","64","13","2026-03-26 20:58:27",NULL,NULL,"0","2026-03-26 20:58:27","2026-03-26 20:58:27"
"137","64","7","2026-04-05 18:47:20",NULL,NULL,"0","2026-04-05 18:47:20","2026-04-05 18:47:20"
"138","64","7","2026-03-27 16:42:01",NULL,NULL,"0","2026-03-27 16:42:01","2026-03-27 16:42:01"
"139","64","11","2026-04-07 09:28:08",NULL,NULL,"0","2026-04-07 09:28:08","2026-04-07 09:28:08"
"140","64","4","2026-03-20 10:51:00",NULL,NULL,"0","2026-03-20 10:51:00","2026-03-20 10:51:00"
"141","64","12","2026-03-25 17:08:26",NULL,NULL,"0","2026-03-25 17:08:26","2026-03-25 17:08:26"
"142","64","10","2026-04-05 08:54:53",NULL,NULL,"0","2026-04-05 08:54:53","2026-04-05 08:54:53"
"143","64","7","2026-04-05 20:41:45",NULL,NULL,"0","2026-04-05 20:41:45","2026-04-05 20:41:45"
"144","64","10","2026-03-25 06:16:37",NULL,NULL,"0","2026-03-25 06:16:37","2026-03-25 06:16:37"
"145","64","13","2026-03-22 13:55:51",NULL,NULL,"0","2026-03-22 13:55:51","2026-03-22 13:55:51"
"146","64","10","2026-04-16 00:22:10",NULL,NULL,"0","2026-04-16 00:22:10","2026-04-16 00:22:10"
"147","64","3","2026-04-11 19:48:14",NULL,NULL,"0","2026-04-11 19:48:14","2026-04-11 19:48:14"
"148","64","4","2026-03-30 18:16:55",NULL,NULL,"0","2026-03-30 18:16:55","2026-03-30 18:16:55"
"149","64","8","2026-04-17 20:05:42",NULL,NULL,"0","2026-04-17 20:05:42","2026-04-17 20:05:42"
"150","64","8","2026-03-29 16:47:18",NULL,NULL,"0","2026-03-29 16:47:18","2026-03-29 16:47:18"
"151","64","1","2026-04-04 07:06:18",NULL,NULL,"0","2026-04-04 07:06:18","2026-04-04 07:06:18"
"152","64","4","2026-04-11 22:47:16",NULL,NULL,"0","2026-04-11 22:47:16","2026-04-11 22:47:16"
"153","64","14","2026-04-18 20:28:18",NULL,NULL,"0","2026-04-18 20:28:18","2026-04-18 20:28:18"
"154","64","12","2026-04-12 17:41:11",NULL,NULL,"0","2026-04-12 17:41:11","2026-04-12 17:41:11"
"155","64","14","2026-04-06 12:20:12",NULL,NULL,"0","2026-04-06 12:20:12","2026-04-06 12:20:12"
"156","65","12","2026-04-13 18:02:17",NULL,NULL,"0","2026-04-13 18:02:17","2026-04-13 18:02:17"
"157","65","13","2026-04-01 09:40:21",NULL,NULL,"0","2026-04-01 09:40:21","2026-04-01 09:40:21"
"158","65","14","2026-04-02 12:00:33",NULL,NULL,"0","2026-04-02 12:00:33","2026-04-02 12:00:33"
"159","65","6","2026-04-18 20:04:26",NULL,NULL,"0","2026-04-18 20:04:26","2026-04-18 20:04:26"
"160","65","7","2026-03-24 21:43:31",NULL,NULL,"0","2026-03-24 21:43:31","2026-03-24 21:43:31"
"161","65","5","2026-03-21 07:03:02",NULL,NULL,"0","2026-03-21 07:03:02","2026-03-21 07:03:02"
"162","65","5","2026-04-18 22:42:25",NULL,NULL,"0","2026-04-18 22:42:25","2026-04-18 22:42:25"
"163","65","14","2026-04-08 18:21:43",NULL,NULL,"0","2026-04-08 18:21:43","2026-04-08 18:21:43"
"164","65","14","2026-03-30 20:52:24",NULL,NULL,"0","2026-03-30 20:52:24","2026-03-30 20:52:24"
"165","65","14","2026-03-23 07:32:49",NULL,NULL,"0","2026-03-23 07:32:49","2026-03-23 07:32:49"
"166","65","4","2026-04-16 23:59:47",NULL,NULL,"0","2026-04-16 23:59:47","2026-04-16 23:59:47"
"167","65","3","2026-04-03 17:34:17",NULL,NULL,"0","2026-04-03 17:34:17","2026-04-03 17:34:17"
"168","66","13","2026-03-27 21:29:01",NULL,NULL,"0","2026-03-27 21:29:01","2026-03-27 21:29:01"
"169","66","10","2026-04-03 23:06:36",NULL,NULL,"0","2026-04-03 23:06:36","2026-04-03 23:06:36"
"170","66","1","2026-04-07 05:41:19",NULL,NULL,"0","2026-04-07 05:41:19","2026-04-07 05:41:19"
"171","66","2","2026-04-14 20:18:43",NULL,NULL,"0","2026-04-14 20:18:43","2026-04-14 20:18:43"
"172","66","4","2026-04-07 22:17:24",NULL,NULL,"0","2026-04-07 22:17:24","2026-04-07 22:17:24"
"173","66","3","2026-04-02 16:20:12",NULL,NULL,"0","2026-04-02 16:20:12","2026-04-02 16:20:12"
"174","66","8","2026-03-23 19:10:02",NULL,NULL,"0","2026-03-23 19:10:02","2026-03-23 19:10:02"
"175","66","10","2026-04-05 21:01:38",NULL,NULL,"0","2026-04-05 21:01:38","2026-04-05 21:01:38"
"176","66","14","2026-03-30 19:08:00",NULL,NULL,"0","2026-03-30 19:08:00","2026-03-30 19:08:00"
"177","66","11","2026-04-17 23:27:54",NULL,NULL,"0","2026-04-17 23:27:54","2026-04-17 23:27:54"
"178","66","8","2026-03-29 09:15:59",NULL,NULL,"0","2026-03-29 09:15:59","2026-03-29 09:15:59"
"179","66","7","2026-04-15 14:08:52",NULL,NULL,"0","2026-04-15 14:08:52","2026-04-15 14:08:52"
"180","66","4","2026-04-04 14:01:48",NULL,NULL,"0","2026-04-04 14:01:48","2026-04-04 14:01:48"
"181","66","4","2026-03-31 19:30:15",NULL,NULL,"0","2026-03-31 19:30:15","2026-03-31 19:30:15"
"182","66","4","2026-03-22 07:55:13",NULL,NULL,"0","2026-03-22 07:55:13","2026-03-22 07:55:13"
"183","66","7","2026-04-06 23:27:16",NULL,NULL,"0","2026-04-06 23:27:16","2026-04-06 23:27:16"
"184","66","12","2026-03-30 07:47:04",NULL,NULL,"0","2026-03-30 07:47:04","2026-03-30 07:47:04"
"185","66","11","2026-04-07 03:57:52",NULL,NULL,"0","2026-04-07 03:57:52","2026-04-07 03:57:52"
"186","66","3","2026-04-08 11:06:22",NULL,NULL,"0","2026-04-08 11:06:22","2026-04-08 11:06:22"
"187","66","9","2026-03-22 01:36:10",NULL,NULL,"0","2026-03-22 01:36:10","2026-03-22 01:36:10"
"188","66","10","2026-04-06 22:08:59",NULL,NULL,"0","2026-04-06 22:08:59","2026-04-06 22:08:59"
"189","66","12","2026-04-18 22:59:09",NULL,NULL,"0","2026-04-18 22:59:09","2026-04-18 22:59:09"
"190","66","5","2026-04-01 08:38:23",NULL,NULL,"0","2026-04-01 08:38:23","2026-04-01 08:38:23"
"191","66","3","2026-03-24 10:40:58",NULL,NULL,"0","2026-03-24 10:40:58","2026-03-24 10:40:58"
"192","66","7","2026-04-06 15:38:47",NULL,NULL,"0","2026-04-06 15:38:47","2026-04-06 15:38:47"
"193","66","12","2026-04-07 06:50:13",NULL,NULL,"0","2026-04-07 06:50:13","2026-04-07 06:50:13"
"194","66","11","2026-03-27 20:28:27",NULL,NULL,"0","2026-03-27 20:28:27","2026-03-27 20:28:27"
"195","66","11","2026-04-07 18:23:59",NULL,NULL,"0","2026-04-07 18:23:59","2026-04-07 18:23:59"
"196","66","11","2026-03-26 14:47:27",NULL,NULL,"0","2026-03-26 14:47:27","2026-03-26 14:47:27"
"197","66","7","2026-04-06 17:37:20",NULL,NULL,"0","2026-04-06 17:37:20","2026-04-06 17:37:20"
"198","66","8","2026-03-26 12:54:00",NULL,NULL,"0","2026-03-26 12:54:00","2026-03-26 12:54:00"
"199","66","1","2026-03-28 16:57:42",NULL,NULL,"0","2026-03-28 16:57:42","2026-03-28 16:57:42"
"200","66","4","2026-03-24 13:11:58",NULL,NULL,"0","2026-03-24 13:11:58","2026-03-24 13:11:58"
"201","66","9","2026-04-13 21:15:16",NULL,NULL,"0","2026-04-13 21:15:16","2026-04-13 21:15:16"
"202","66","14","2026-03-31 19:55:55",NULL,NULL,"0","2026-03-31 19:55:55","2026-03-31 19:55:55"
"203","66","14","2026-04-15 21:15:21",NULL,NULL,"0","2026-04-15 21:15:21","2026-04-15 21:15:21"
"204","66","9","2026-03-20 20:35:48",NULL,NULL,"0","2026-03-20 20:35:48","2026-03-20 20:35:48"
"205","68","4","2026-04-02 13:54:33",NULL,NULL,"0","2026-04-02 13:54:33","2026-04-02 13:54:33"
"206","68","4","2026-04-08 18:29:34",NULL,NULL,"0","2026-04-08 18:29:34","2026-04-08 18:29:34"
"207","68","12","2026-04-14 10:56:51",NULL,NULL,"0","2026-04-14 10:56:51","2026-04-14 10:56:51"
"208","68","2","2026-04-02 22:57:25",NULL,NULL,"0","2026-04-02 22:57:25","2026-04-02 22:57:25"
"209","68","7","2026-04-14 08:25:26",NULL,NULL,"0","2026-04-14 08:25:26","2026-04-14 08:25:26"
"210","68","7","2026-03-20 06:25:47",NULL,NULL,"0","2026-03-20 06:25:47","2026-03-20 06:25:47"
"211","68","13","2026-03-23 21:47:02",NULL,NULL,"0","2026-03-23 21:47:02","2026-03-23 21:47:02"
"212","68","3","2026-04-17 05:30:10",NULL,NULL,"0","2026-04-17 05:30:10","2026-04-17 05:30:10"
"213","68","3","2026-03-23 19:58:38",NULL,NULL,"0","2026-03-23 19:58:38","2026-03-23 19:58:38"
"214","68","8","2026-03-25 13:13:04",NULL,NULL,"0","2026-03-25 13:13:04","2026-03-25 13:13:04"
"215","68","9","2026-04-04 12:17:05",NULL,NULL,"0","2026-04-04 12:17:05","2026-04-04 12:17:05"
"216","68","1","2026-04-01 21:53:09",NULL,NULL,"0","2026-04-01 21:53:09","2026-04-01 21:53:09"
"217","68","5","2026-03-23 09:09:03",NULL,NULL,"0","2026-03-23 09:09:03","2026-03-23 09:09:03"
"218","68","10","2026-04-11 22:37:02",NULL,NULL,"0","2026-04-11 22:37:02","2026-04-11 22:37:02"
"219","68","10","2026-03-31 19:34:45",NULL,NULL,"0","2026-03-31 19:34:45","2026-03-31 19:34:45"
"220","68","12","2026-03-22 13:57:02",NULL,NULL,"0","2026-03-22 13:57:02","2026-03-22 13:57:02"
"221","68","12","2026-04-17 18:41:13",NULL,NULL,"0","2026-04-17 18:41:13","2026-04-17 18:41:13"
"222","68","7","2026-04-12 23:01:23",NULL,NULL,"0","2026-04-12 23:01:23","2026-04-12 23:01:23"
"223","68","2","2026-03-24 17:03:31",NULL,NULL,"0","2026-03-24 17:03:31","2026-03-24 17:03:31"
"224","68","11","2026-03-22 19:11:17",NULL,NULL,"0","2026-03-22 19:11:17","2026-03-22 19:11:17"
"225","68","5","2026-03-20 15:02:51",NULL,NULL,"0","2026-03-20 15:02:51","2026-03-20 15:02:51"
"226","68","6","2026-04-05 02:08:43",NULL,NULL,"0","2026-04-05 02:08:43","2026-04-05 02:08:43"
"227","69","9","2026-04-13 04:18:50",NULL,NULL,"0","2026-04-13 04:18:50","2026-04-13 04:18:50"
"228","69","14","2026-03-25 12:55:45",NULL,NULL,"0","2026-03-25 12:55:45","2026-03-25 12:55:45"
"229","69","5","2026-03-21 21:34:56",NULL,NULL,"0","2026-03-21 21:34:56","2026-03-21 21:34:56"
"230","69","7","2026-04-03 21:04:48",NULL,NULL,"0","2026-04-03 21:04:48","2026-04-03 21:04:48"
"231","69","1","2026-04-01 12:31:40",NULL,NULL,"0","2026-04-01 12:31:40","2026-04-01 12:31:40"
"232","69","1","2026-03-20 17:50:42",NULL,NULL,"0","2026-03-20 17:50:42","2026-03-20 17:50:42"
"233","69","14","2026-03-24 13:15:16",NULL,NULL,"0","2026-03-24 13:15:16","2026-03-24 13:15:16"
"234","69","3","2026-04-01 19:56:07",NULL,NULL,"0","2026-04-01 19:56:07","2026-04-01 19:56:07"
"235","69","8","2026-03-20 08:43:36",NULL,NULL,"0","2026-03-20 08:43:36","2026-03-20 08:43:36"
"236","69","10","2026-04-03 18:36:23",NULL,NULL,"0","2026-04-03 18:36:23","2026-04-03 18:36:23"
"237","69","14","2026-04-17 12:48:49",NULL,NULL,"0","2026-04-17 12:48:49","2026-04-17 12:48:49"
"238","69","5","2026-04-01 09:46:56",NULL,NULL,"0","2026-04-01 09:46:56","2026-04-01 09:46:56"
"239","69","7","2026-03-29 17:20:27",NULL,NULL,"0","2026-03-29 17:20:27","2026-03-29 17:20:27"
"240","69","5","2026-03-29 13:21:59",NULL,NULL,"0","2026-03-29 13:21:59","2026-03-29 13:21:59"
"241","69","14","2026-04-10 21:04:15",NULL,NULL,"0","2026-04-10 21:04:15","2026-04-10 21:04:15"
"242","69","10","2026-04-17 23:48:11",NULL,NULL,"0","2026-04-17 23:48:11","2026-04-17 23:48:11"
"243","69","6","2026-04-17 22:18:35",NULL,NULL,"0","2026-04-17 22:18:35","2026-04-17 22:18:35"
"244","69","4","2026-03-31 06:53:04",NULL,NULL,"0","2026-03-31 06:53:04","2026-03-31 06:53:04"
"245","69","3","2026-03-20 18:33:48",NULL,NULL,"0","2026-03-20 18:33:48","2026-03-20 18:33:48"
"246","69","2","2026-03-23 11:45:09",NULL,NULL,"0","2026-03-23 11:45:09","2026-03-23 11:45:09"
"247","69","7","2026-04-12 14:41:43",NULL,NULL,"0","2026-04-12 14:41:43","2026-04-12 14:41:43"
"248","69","12","2026-04-09 21:49:40",NULL,NULL,"0","2026-04-09 21:49:40","2026-04-09 21:49:40"
"249","69","5","2026-04-09 13:32:30",NULL,NULL,"0","2026-04-09 13:32:30","2026-04-09 13:32:30"
"250","69","7","2026-04-12 22:19:57",NULL,NULL,"0","2026-04-12 22:19:57","2026-04-12 22:19:57"
"251","69","3","2026-03-24 09:34:04",NULL,NULL,"0","2026-03-24 09:34:04","2026-03-24 09:34:04"
"252","69","5","2026-04-06 20:18:07",NULL,NULL,"0","2026-04-06 20:18:07","2026-04-06 20:18:07"
"253","69","14","2026-04-16 07:18:32",NULL,NULL,"0","2026-04-16 07:18:32","2026-04-16 07:18:32"
"254","69","11","2026-04-05 18:39:04",NULL,NULL,"0","2026-04-05 18:39:04","2026-04-05 18:39:04"
"255","69","14","2026-04-07 18:02:25",NULL,NULL,"0","2026-04-07 18:02:25","2026-04-07 18:02:25"
"256","69","4","2026-03-23 12:16:55",NULL,NULL,"0","2026-03-23 12:16:55","2026-03-23 12:16:55"
"257","69","11","2026-04-04 20:14:17",NULL,NULL,"0","2026-04-04 20:14:17","2026-04-04 20:14:17"
"258","70","6","2026-04-08 05:30:58",NULL,NULL,"0","2026-04-08 05:30:58","2026-04-08 05:30:58"
"259","70","11","2026-03-27 21:00:09",NULL,NULL,"0","2026-03-27 21:00:09","2026-03-27 21:00:09"
"260","70","2","2026-04-03 15:31:17",NULL,NULL,"0","2026-04-03 15:31:17","2026-04-03 15:31:17"
"261","70","1","2026-04-14 07:31:48",NULL,NULL,"0","2026-04-14 07:31:48","2026-04-14 07:31:48"
"262","70","1","2026-03-22 05:36:35",NULL,NULL,"0","2026-03-22 05:36:35","2026-03-22 05:36:35"
"263","70","4","2026-04-03 19:20:04",NULL,NULL,"0","2026-04-03 19:20:04","2026-04-03 19:20:04"
"264","70","6","2026-03-30 01:25:41",NULL,NULL,"0","2026-03-30 01:25:41","2026-03-30 01:25:41"
"265","70","14","2026-03-26 04:55:24",NULL,NULL,"0","2026-03-26 04:55:24","2026-03-26 04:55:24"
"266","70","3","2026-03-31 14:05:22",NULL,NULL,"0","2026-03-31 14:05:22","2026-03-31 14:05:22"
"267","70","2","2026-03-25 16:31:15",NULL,NULL,"0","2026-03-25 16:31:15","2026-03-25 16:31:15"
"268","70","3","2026-04-03 09:07:05",NULL,NULL,"0","2026-04-03 09:07:05","2026-04-03 09:07:05"
"269","70","5","2026-03-30 08:44:34",NULL,NULL,"0","2026-03-30 08:44:34","2026-03-30 08:44:34"
"270","70","13","2026-03-29 18:34:56",NULL,NULL,"0","2026-03-29 18:34:56","2026-03-29 18:34:56"
"271","70","12","2026-04-08 18:55:36",NULL,NULL,"0","2026-04-08 18:55:36","2026-04-08 18:55:36"
"272","70","4","2026-03-20 09:30:21",NULL,NULL,"0","2026-03-20 09:30:21","2026-03-20 09:30:21"
"273","70","11","2026-04-01 20:53:01",NULL,NULL,"0","2026-04-01 20:53:01","2026-04-01 20:53:01"
"274","70","3","2026-03-21 17:54:16",NULL,NULL,"0","2026-03-21 17:54:16","2026-03-21 17:54:16"
"275","70","10","2026-04-13 08:59:49",NULL,NULL,"0","2026-04-13 08:59:49","2026-04-13 08:59:49"
"276","70","10","2026-04-05 18:26:27",NULL,NULL,"0","2026-04-05 18:26:27","2026-04-05 18:26:27"
"277","70","7","2026-04-14 09:25:05",NULL,NULL,"0","2026-04-14 09:25:05","2026-04-14 09:25:05"
"278","70","3","2026-03-26 17:11:42",NULL,NULL,"0","2026-03-26 17:11:42","2026-03-26 17:11:42"
"279","70","11","2026-04-18 07:15:04",NULL,NULL,"0","2026-04-18 07:15:04","2026-04-18 07:15:04"
"280","70","12","2026-03-28 18:16:09",NULL,NULL,"0","2026-03-28 18:16:09","2026-03-28 18:16:09"
"281","72","3","2026-04-01 16:52:41",NULL,NULL,"0","2026-04-01 16:52:41","2026-04-01 16:52:41"
"282","72","7","2026-04-14 12:17:26",NULL,NULL,"0","2026-04-14 12:17:26","2026-04-14 12:17:26"
"283","72","7","2026-03-24 21:31:24",NULL,NULL,"0","2026-03-24 21:31:24","2026-03-24 21:31:24"
"284","72","4","2026-04-02 16:56:02",NULL,NULL,"0","2026-04-02 16:56:02","2026-04-02 16:56:02"
"285","72","2","2026-03-30 07:03:17",NULL,NULL,"0","2026-03-30 07:03:17","2026-03-30 07:03:17"
"286","72","14","2026-03-31 09:02:53",NULL,NULL,"0","2026-03-31 09:02:53","2026-03-31 09:02:53"
"287","72","3","2026-04-06 11:39:17",NULL,NULL,"0","2026-04-06 11:39:17","2026-04-06 11:39:17"
"288","72","5","2026-03-30 11:21:52",NULL,NULL,"0","2026-03-30 11:21:52","2026-03-30 11:21:52"
"289","72","6","2026-04-04 07:12:31",NULL,NULL,"0","2026-04-04 07:12:31","2026-04-04 07:12:31"
"290","72","12","2026-04-16 22:31:46",NULL,NULL,"0","2026-04-16 22:31:46","2026-04-16 22:31:46"
"291","72","11","2026-03-21 11:55:54",NULL,NULL,"0","2026-03-21 11:55:54","2026-03-21 11:55:54"
"292","72","11","2026-03-24 18:50:08",NULL,NULL,"0","2026-03-24 18:50:08","2026-03-24 18:50:08"
"293","72","5","2026-04-11 17:54:16",NULL,NULL,"0","2026-04-11 17:54:16","2026-04-11 17:54:16"
"294","72","8","2026-04-16 16:15:30",NULL,NULL,"0","2026-04-16 16:15:30","2026-04-16 16:15:30"
"295","72","7","2026-03-30 20:20:25",NULL,NULL,"0","2026-03-30 20:20:25","2026-03-30 20:20:25"
"296","72","13","2026-04-04 06:45:43",NULL,NULL,"0","2026-04-04 06:45:43","2026-04-04 06:45:43"
"297","72","9","2026-03-20 08:42:00",NULL,NULL,"0","2026-03-20 08:42:00","2026-03-20 08:42:00"
"298","72","13","2026-03-21 07:37:56",NULL,NULL,"0","2026-03-21 07:37:56","2026-03-21 07:37:56"
"299","72","1","2026-04-02 21:59:33",NULL,NULL,"0","2026-04-02 21:59:33","2026-04-02 21:59:33"
"300","72","11","2026-04-17 17:59:15",NULL,NULL,"0","2026-04-17 17:59:15","2026-04-17 17:59:15"
"301","72","12","2026-03-31 09:58:27",NULL,NULL,"0","2026-03-31 09:58:27","2026-03-31 09:58:27"
"302","72","4","2026-04-10 10:41:17",NULL,NULL,"0","2026-04-10 10:41:17","2026-04-10 10:41:17"
"303","72","3","2026-04-03 18:31:17",NULL,NULL,"0","2026-04-03 18:31:17","2026-04-03 18:31:17"
"304","72","10","2026-03-28 15:01:41",NULL,NULL,"0","2026-03-28 15:01:41","2026-03-28 15:01:41"
"305","72","7","2026-04-03 09:03:03",NULL,NULL,"0","2026-04-03 09:03:03","2026-04-03 09:03:03"
"306","72","3","2026-03-24 18:37:52",NULL,NULL,"0","2026-03-24 18:37:52","2026-03-24 18:37:52"
"307","73","8","2026-03-23 18:12:11",NULL,NULL,"0","2026-03-23 18:12:11","2026-03-23 18:12:11"
"308","73","11","2026-04-15 07:05:03",NULL,NULL,"0","2026-04-15 07:05:03","2026-04-15 07:05:03"
"309","73","2","2026-04-13 17:47:33",NULL,NULL,"0","2026-04-13 17:47:33","2026-04-13 17:47:33"
"310","73","6","2026-03-29 18:29:48",NULL,NULL,"0","2026-03-29 18:29:48","2026-03-29 18:29:48"
"311","73","3","2026-03-20 13:17:09",NULL,NULL,"0","2026-03-20 13:17:09","2026-03-20 13:17:09"
"312","73","10","2026-03-27 15:46:43",NULL,NULL,"0","2026-03-27 15:46:43","2026-03-27 15:46:43"
"313","73","3","2026-03-26 09:01:10",NULL,NULL,"0","2026-03-26 09:01:10","2026-03-26 09:01:10"
"314","73","13","2026-04-13 17:02:47",NULL,NULL,"0","2026-04-13 17:02:47","2026-04-13 17:02:47"
"315","73","10","2026-04-05 13:51:12",NULL,NULL,"0","2026-04-05 13:51:12","2026-04-05 13:51:12"
"316","73","12","2026-03-28 08:22:30",NULL,NULL,"0","2026-03-28 08:22:30","2026-03-28 08:22:30"
"317","73","4","2026-04-11 11:25:08",NULL,NULL,"0","2026-04-11 11:25:08","2026-04-11 11:25:08"
"318","73","11","2026-04-02 23:24:03",NULL,NULL,"0","2026-04-02 23:24:03","2026-04-02 23:24:03"
"319","73","6","2026-03-24 22:32:56",NULL,NULL,"0","2026-03-24 22:32:56","2026-03-24 22:32:56"
"320","73","5","2026-04-01 21:55:57",NULL,NULL,"0","2026-04-01 21:55:57","2026-04-01 21:55:57"
"321","73","1","2026-03-25 15:20:37",NULL,NULL,"0","2026-03-25 15:20:37","2026-03-25 15:20:37"
"322","73","4","2026-04-01 15:07:10",NULL,NULL,"0","2026-04-01 15:07:10","2026-04-01 15:07:10"
"323","73","14","2026-03-20 11:17:11",NULL,NULL,"0","2026-03-20 11:17:11","2026-03-20 11:17:11"
"324","74","9","2026-03-24 18:32:52",NULL,NULL,"0","2026-03-24 18:32:52","2026-03-24 18:32:52"
"325","74","3","2026-03-27 12:28:54",NULL,NULL,"0","2026-03-27 12:28:54","2026-03-27 12:28:54"
"326","74","8","2026-03-25 09:06:30",NULL,NULL,"0","2026-03-25 09:06:30","2026-03-25 09:06:30"
"327","74","11","2026-04-17 18:29:07",NULL,NULL,"0","2026-04-17 18:29:07","2026-04-17 18:29:07"
"328","74","11","2026-04-18 09:29:51",NULL,NULL,"0","2026-04-18 09:29:51","2026-04-18 09:29:51"
"329","74","9","2026-04-12 23:52:37",NULL,NULL,"0","2026-04-12 23:52:37","2026-04-12 23:52:37"
"330","74","3","2026-03-28 20:09:01",NULL,NULL,"0","2026-03-28 20:09:01","2026-03-28 20:09:01"
"331","74","2","2026-04-08 11:29:58",NULL,NULL,"0","2026-04-08 11:29:58","2026-04-08 11:29:58"
"332","74","3","2026-04-18 19:48:05",NULL,NULL,"0","2026-04-18 19:48:05","2026-04-18 19:48:05"
"333","74","3","2026-03-28 22:57:47",NULL,NULL,"0","2026-03-28 22:57:47","2026-03-28 22:57:47"
"334","74","8","2026-04-02 21:35:01",NULL,NULL,"0","2026-04-02 21:35:01","2026-04-02 21:35:01"
"335","76","5","2026-04-08 21:17:41",NULL,NULL,"0","2026-04-08 21:17:41","2026-04-08 21:17:41"
"336","76","14","2026-04-17 11:22:52",NULL,NULL,"0","2026-04-17 11:22:52","2026-04-17 11:22:52"
"337","76","1","2026-03-24 17:34:19",NULL,NULL,"0","2026-03-24 17:34:19","2026-03-24 17:34:19"
"338","76","7","2026-04-10 18:05:45",NULL,NULL,"0","2026-04-10 18:05:45","2026-04-10 18:05:45"
"339","76","9","2026-04-02 13:28:53",NULL,NULL,"0","2026-04-02 13:28:53","2026-04-02 13:28:53"
"340","76","11","2026-04-18 19:39:50",NULL,NULL,"0","2026-04-18 19:39:50","2026-04-18 19:39:50"
"341","76","7","2026-04-13 10:08:34",NULL,NULL,"0","2026-04-13 10:08:34","2026-04-13 10:08:34"
"342","76","12","2026-04-16 20:28:17",NULL,NULL,"0","2026-04-16 20:28:17","2026-04-16 20:28:17"
"343","76","11","2026-04-08 18:01:15",NULL,NULL,"0","2026-04-08 18:01:15","2026-04-08 18:01:15"
"344","76","4","2026-04-05 15:51:24",NULL,NULL,"0","2026-04-05 15:51:24","2026-04-05 15:51:24"
"345","76","13","2026-03-29 17:07:32",NULL,NULL,"0","2026-03-29 17:07:32","2026-03-29 17:07:32"
"346","76","11","2026-04-16 13:18:19",NULL,NULL,"0","2026-04-16 13:18:19","2026-04-16 13:18:19"
"347","76","3","2026-04-03 13:00:45",NULL,NULL,"0","2026-04-03 13:00:45","2026-04-03 13:00:45"
"348","76","5","2026-03-28 09:56:12",NULL,NULL,"0","2026-03-28 09:56:12","2026-03-28 09:56:12"
"349","76","14","2026-04-07 19:40:35",NULL,NULL,"0","2026-04-07 19:40:35","2026-04-07 19:40:35"
"350","76","2","2026-03-25 20:37:18",NULL,NULL,"0","2026-03-25 20:37:18","2026-03-25 20:37:18"
"351","76","14","2026-04-04 10:26:24",NULL,NULL,"0","2026-04-04 10:26:24","2026-04-04 10:26:24"
"352","76","10","2026-04-14 23:27:26",NULL,NULL,"0","2026-04-14 23:27:26","2026-04-14 23:27:26"
"353","76","3","2026-04-02 07:44:07",NULL,NULL,"0","2026-04-02 07:44:07","2026-04-02 07:44:07"
"354","76","13","2026-04-05 05:54:17",NULL,NULL,"0","2026-04-05 05:54:17","2026-04-05 05:54:17"
"355","76","8","2026-03-30 11:30:04",NULL,NULL,"0","2026-03-30 11:30:04","2026-03-30 11:30:04"
"356","76","12","2026-03-30 07:25:22",NULL,NULL,"0","2026-03-30 07:25:22","2026-03-30 07:25:22"
"357","76","14","2026-03-30 20:01:19",NULL,NULL,"0","2026-03-30 20:01:19","2026-03-30 20:01:19"
"358","76","3","2026-03-20 12:54:55",NULL,NULL,"0","2026-03-20 12:54:55","2026-03-20 12:54:55"
"359","76","2","2026-04-03 20:46:11",NULL,NULL,"0","2026-04-03 20:46:11","2026-04-03 20:46:11"
"360","76","5","2026-04-12 11:27:09",NULL,NULL,"0","2026-04-12 11:27:09","2026-04-12 11:27:09"
"361","76","6","2026-03-30 13:22:22",NULL,NULL,"0","2026-03-30 13:22:22","2026-03-30 13:22:22"
"362","76","5","2026-04-16 19:31:14",NULL,NULL,"0","2026-04-16 19:31:14","2026-04-16 19:31:14"
"363","76","12","2026-03-22 21:13:08",NULL,NULL,"0","2026-03-22 21:13:08","2026-03-22 21:13:08"
"364","77","1","2026-04-05 19:21:41",NULL,NULL,"0","2026-04-05 19:21:41","2026-04-05 19:21:41"
"365","77","12","2026-04-06 09:24:15",NULL,NULL,"0","2026-04-06 09:24:15","2026-04-06 09:24:15"
"366","77","3","2026-03-23 17:09:45",NULL,NULL,"0","2026-03-23 17:09:45","2026-03-23 17:09:45"
"367","77","5","2026-04-11 12:57:57",NULL,NULL,"0","2026-04-11 12:57:57","2026-04-11 12:57:57"
"368","77","3","2026-04-09 10:29:23",NULL,NULL,"0","2026-04-09 10:29:23","2026-04-09 10:29:23"
"369","77","3","2026-03-22 10:55:23",NULL,NULL,"0","2026-03-22 10:55:23","2026-03-22 10:55:23"
"370","77","13","2026-04-11 07:41:51",NULL,NULL,"0","2026-04-11 07:41:51","2026-04-11 07:41:51"
"371","77","4","2026-03-23 18:49:46",NULL,NULL,"0","2026-03-23 18:49:46","2026-03-23 18:49:46"
"372","77","11","2026-03-26 21:48:58",NULL,NULL,"0","2026-03-26 21:48:58","2026-03-26 21:48:58"
"373","77","7","2026-03-22 08:11:00",NULL,NULL,"0","2026-03-22 08:11:00","2026-03-22 08:11:00"
"374","77","7","2026-04-10 21:48:45",NULL,NULL,"0","2026-04-10 21:48:45","2026-04-10 21:48:45"
"375","77","2","2026-03-30 06:11:03",NULL,NULL,"0","2026-03-30 06:11:03","2026-03-30 06:11:03"
"376","77","9","2026-03-21 13:44:39",NULL,NULL,"0","2026-03-21 13:44:39","2026-03-21 13:44:39"
"377","77","8","2026-04-05 15:11:20",NULL,NULL,"0","2026-04-05 15:11:20","2026-04-05 15:11:20"
"378","77","4","2026-04-06 23:34:43",NULL,NULL,"0","2026-04-06 23:34:43","2026-04-06 23:34:43"
"379","77","2","2026-04-11 03:27:14",NULL,NULL,"0","2026-04-11 03:27:14","2026-04-11 03:27:14"
"380","77","6","2026-04-03 22:53:57",NULL,NULL,"0","2026-04-03 22:53:57","2026-04-03 22:53:57"
"381","77","12","2026-03-31 23:19:15",NULL,NULL,"0","2026-03-31 23:19:15","2026-03-31 23:19:15"
"382","77","4","2026-04-05 12:17:43",NULL,NULL,"0","2026-04-05 12:17:43","2026-04-05 12:17:43"
"383","77","4","2026-03-23 18:53:55",NULL,NULL,"0","2026-03-23 18:53:55","2026-03-23 18:53:55"
"384","77","12","2026-04-10 17:28:55",NULL,NULL,"0","2026-04-10 17:28:55","2026-04-10 17:28:55"
"385","77","3","2026-03-31 07:52:07",NULL,NULL,"0","2026-03-31 07:52:07","2026-03-31 07:52:07"
"386","77","2","2026-03-31 13:17:27",NULL,NULL,"0","2026-03-31 13:17:27","2026-03-31 13:17:27"
"387","77","2","2026-04-09 00:15:01",NULL,NULL,"0","2026-04-09 00:15:01","2026-04-09 00:15:01"
"388","77","3","2026-03-24 06:44:25",NULL,NULL,"0","2026-03-24 06:44:25","2026-03-24 06:44:25"
"389","77","6","2026-04-04 20:33:48",NULL,NULL,"0","2026-04-04 20:33:48","2026-04-04 20:33:48"
"390","77","1","2026-04-09 13:53:58",NULL,NULL,"0","2026-04-09 13:53:58","2026-04-09 13:53:58"
"391","77","8","2026-04-06 16:00:37",NULL,NULL,"0","2026-04-06 16:00:37","2026-04-06 16:00:37"
"392","77","4","2026-04-06 14:49:47",NULL,NULL,"0","2026-04-06 14:49:47","2026-04-06 14:49:47"
"393","77","10","2026-03-29 13:20:35",NULL,NULL,"0","2026-03-29 13:20:35","2026-03-29 13:20:35"
"394","77","7","2026-04-06 09:32:44",NULL,NULL,"0","2026-04-06 09:32:44","2026-04-06 09:32:44"
"395","77","2","2026-04-12 17:48:20",NULL,NULL,"0","2026-04-12 17:48:20","2026-04-12 17:48:20"
"396","77","13","2026-03-27 11:16:01",NULL,NULL,"0","2026-03-27 11:16:01","2026-03-27 11:16:01"
"397","77","2","2026-04-04 06:52:06",NULL,NULL,"0","2026-04-04 06:52:06","2026-04-04 06:52:06"
"398","77","2","2026-04-11 18:01:21",NULL,NULL,"0","2026-04-11 18:01:21","2026-04-11 18:01:21"
"399","77","8","2026-04-08 06:51:04",NULL,NULL,"0","2026-04-08 06:51:04","2026-04-08 06:51:04"
"400","77","1","2026-03-29 10:39:33",NULL,NULL,"0","2026-03-29 10:39:33","2026-03-29 10:39:33"
"401","77","9","2026-03-29 13:57:53",NULL,NULL,"0","2026-03-29 13:57:53","2026-03-29 13:57:53"
"402","77","13","2026-03-20 14:15:43",NULL,NULL,"0","2026-03-20 14:15:43","2026-03-20 14:15:43"
"403","77","10","2026-03-22 09:22:43",NULL,NULL,"0","2026-03-22 09:22:43","2026-03-22 09:22:43"
"404","77","9","2026-03-25 18:15:32",NULL,NULL,"0","2026-03-25 18:15:32","2026-03-25 18:15:32"
"405","77","3","2026-04-06 13:58:02",NULL,NULL,"0","2026-04-06 13:58:02","2026-04-06 13:58:02"
"406","77","2","2026-04-07 22:25:13",NULL,NULL,"0","2026-04-07 22:25:13","2026-04-07 22:25:13"
"407","77","3","2026-04-11 19:05:01",NULL,NULL,"0","2026-04-11 19:05:01","2026-04-11 19:05:01"
"408","77","9","2026-04-09 22:56:10",NULL,NULL,"0","2026-04-09 22:56:10","2026-04-09 22:56:10"
"409","77","14","2026-04-06 07:12:28",NULL,NULL,"0","2026-04-06 07:12:28","2026-04-06 07:12:28"
"410","77","5","2026-03-31 17:54:28",NULL,NULL,"0","2026-03-31 17:54:28","2026-03-31 17:54:28"
"411","77","14","2026-04-13 09:30:54",NULL,NULL,"0","2026-04-13 09:30:54","2026-04-13 09:30:54"
"412","77","1","2026-04-05 15:24:54",NULL,NULL,"0","2026-04-05 15:24:54","2026-04-05 15:24:54"
"413","77","1","2026-04-01 23:13:10",NULL,NULL,"0","2026-04-01 23:13:10","2026-04-01 23:13:10"
"414","77","6","2026-04-13 06:33:59",NULL,NULL,"0","2026-04-13 06:33:59","2026-04-13 06:33:59"
"415","77","6","2026-04-01 21:39:02",NULL,NULL,"0","2026-04-01 21:39:02","2026-04-01 21:39:02"
"416","77","1","2026-04-06 14:23:28",NULL,NULL,"0","2026-04-06 14:23:28","2026-04-06 14:23:28"
"417","77","3","2026-03-29 23:48:54",NULL,NULL,"0","2026-03-29 23:48:54","2026-03-29 23:48:54"
"418","77","8","2026-03-25 19:41:19",NULL,NULL,"0","2026-03-25 19:41:19","2026-03-25 19:41:19"
"419","77","4","2026-03-27 17:10:10",NULL,NULL,"0","2026-03-27 17:10:10","2026-03-27 17:10:10"
"420","77","6","2026-03-25 17:13:25",NULL,NULL,"0","2026-03-25 17:13:25","2026-03-25 17:13:25"
"421","77","11","2026-03-28 18:05:15",NULL,NULL,"0","2026-03-28 18:05:15","2026-03-28 18:05:15"
"422","77","4","2026-03-27 16:43:29",NULL,NULL,"0","2026-03-27 16:43:29","2026-03-27 16:43:29"
"423","78","9","2026-03-25 08:52:35",NULL,NULL,"0","2026-03-25 08:52:35","2026-03-25 08:52:35"
"424","78","14","2026-04-13 21:16:23",NULL,NULL,"0","2026-04-13 21:16:23","2026-04-13 21:16:23"
"425","78","2","2026-04-07 09:35:02",NULL,NULL,"0","2026-04-07 09:35:02","2026-04-07 09:35:02"
"426","78","5","2026-04-08 07:16:26",NULL,NULL,"0","2026-04-08 07:16:26","2026-04-08 07:16:26"
"427","78","7","2026-04-03 07:07:24",NULL,NULL,"0","2026-04-03 07:07:24","2026-04-03 07:07:24"
"428","78","7","2026-04-02 19:56:44",NULL,NULL,"0","2026-04-02 19:56:44","2026-04-02 19:56:44"
"429","78","2","2026-03-31 15:25:19",NULL,NULL,"0","2026-03-31 15:25:19","2026-03-31 15:25:19"
"430","78","8","2026-03-21 10:58:24",NULL,NULL,"0","2026-03-21 10:58:24","2026-03-21 10:58:24"
"431","78","6","2026-03-24 08:37:43",NULL,NULL,"0","2026-03-24 08:37:43","2026-03-24 08:37:43"
"432","78","3","2026-03-25 18:24:12",NULL,NULL,"0","2026-03-25 18:24:12","2026-03-25 18:24:12"
"433","78","11","2026-04-11 09:07:56",NULL,NULL,"0","2026-04-11 09:07:56","2026-04-11 09:07:56"
"434","78","6","2026-04-15 05:13:20",NULL,NULL,"0","2026-04-15 05:13:20","2026-04-15 05:13:20"
"435","78","12","2026-04-13 17:08:17",NULL,NULL,"0","2026-04-13 17:08:17","2026-04-13 17:08:17"
"436","78","3","2026-04-18 20:02:22",NULL,NULL,"0","2026-04-18 20:02:22","2026-04-18 20:02:22"
"437","78","4","2026-04-06 08:06:41",NULL,NULL,"0","2026-04-06 08:06:41","2026-04-06 08:06:41"
"438","78","13","2026-03-27 12:30:52",NULL,NULL,"0","2026-03-27 12:30:52","2026-03-27 12:30:52"
"439","78","3","2026-04-15 20:33:47",NULL,NULL,"0","2026-04-15 20:33:47","2026-04-15 20:33:47"
"440","78","11","2026-03-20 21:43:19",NULL,NULL,"0","2026-03-20 21:43:19","2026-03-20 21:43:19"
"441","78","10","2026-04-11 18:18:08",NULL,NULL,"0","2026-04-11 18:18:08","2026-04-11 18:18:08"
"442","78","3","2026-03-26 23:35:36",NULL,NULL,"0","2026-03-26 23:35:36","2026-03-26 23:35:36"
"443","78","1","2026-04-03 09:43:00",NULL,NULL,"0","2026-04-03 09:43:00","2026-04-03 09:43:00"
"444","78","8","2026-04-02 21:52:57",NULL,NULL,"0","2026-04-02 21:52:57","2026-04-02 21:52:57"
"445","78","7","2026-03-20 11:27:13",NULL,NULL,"0","2026-03-20 11:27:13","2026-03-20 11:27:13"
"446","78","12","2026-04-02 15:26:14",NULL,NULL,"0","2026-04-02 15:26:14","2026-04-02 15:26:14"
"447","78","9","2026-03-31 23:33:51",NULL,NULL,"0","2026-03-31 23:33:51","2026-03-31 23:33:51"
"448","78","2","2026-04-03 16:03:35",NULL,NULL,"0","2026-04-03 16:03:35","2026-04-03 16:03:35"
"449","78","14","2026-03-21 12:22:17",NULL,NULL,"0","2026-03-21 12:22:17","2026-03-21 12:22:17"
"450","78","10","2026-04-13 04:06:20",NULL,NULL,"0","2026-04-13 04:06:20","2026-04-13 04:06:20"
"451","78","8","2026-04-14 12:23:47",NULL,NULL,"0","2026-04-14 12:23:47","2026-04-14 12:23:47"
"452","78","11","2026-04-09 14:49:25",NULL,NULL,"0","2026-04-09 14:49:25","2026-04-09 14:49:25"
"453","78","12","2026-03-30 13:03:40",NULL,NULL,"0","2026-03-30 13:03:40","2026-03-30 13:03:40"
"454","80","8","2026-04-15 13:19:26",NULL,NULL,"0","2026-04-15 13:19:26","2026-04-15 13:19:26"
"455","80","3","2026-04-17 22:15:29",NULL,NULL,"0","2026-04-17 22:15:29","2026-04-17 22:15:29"
"456","80","10","2026-04-01 22:49:20",NULL,NULL,"0","2026-04-01 22:49:20","2026-04-01 22:49:20"
"457","80","13","2026-04-02 21:35:45",NULL,NULL,"0","2026-04-02 21:35:45","2026-04-02 21:35:45"
"458","80","11","2026-03-28 12:52:30",NULL,NULL,"0","2026-03-28 12:52:30","2026-03-28 12:52:30"
"459","80","2","2026-04-15 05:52:46",NULL,NULL,"0","2026-04-15 05:52:46","2026-04-15 05:52:46"
"460","80","8","2026-04-13 07:43:04",NULL,NULL,"0","2026-04-13 07:43:04","2026-04-13 07:43:04"
"461","80","7","2026-04-17 19:00:28",NULL,NULL,"0","2026-04-17 19:00:28","2026-04-17 19:00:28"
"462","80","14","2026-04-07 19:14:17",NULL,NULL,"0","2026-04-07 19:14:17","2026-04-07 19:14:17"
"463","80","4","2026-03-20 17:45:38",NULL,NULL,"0","2026-03-20 17:45:38","2026-03-20 17:45:38"
"464","80","1","2026-04-12 19:21:06",NULL,NULL,"0","2026-04-12 19:21:06","2026-04-12 19:21:06"
"465","80","3","2026-04-04 23:37:55",NULL,NULL,"0","2026-04-04 23:37:55","2026-04-04 23:37:55"
"466","80","10","2026-04-09 07:38:49",NULL,NULL,"0","2026-04-09 07:38:49","2026-04-09 07:38:49"
"467","80","6","2026-04-05 20:53:00",NULL,NULL,"0","2026-04-05 20:53:00","2026-04-05 20:53:00"
"468","80","5","2026-04-13 19:48:55",NULL,NULL,"0","2026-04-13 19:48:55","2026-04-13 19:48:55"
"469","80","6","2026-04-02 14:55:58",NULL,NULL,"0","2026-04-02 14:55:58","2026-04-02 14:55:58"
"470","80","2","2026-03-23 21:19:30",NULL,NULL,"0","2026-03-23 21:19:30","2026-03-23 21:19:30"
"471","80","3","2026-03-27 06:36:59",NULL,NULL,"0","2026-03-27 06:36:59","2026-03-27 06:36:59"
"472","80","5","2026-03-27 21:18:05",NULL,NULL,"0","2026-03-27 21:18:05","2026-03-27 21:18:05"
"473","80","13","2026-04-04 06:51:06",NULL,NULL,"0","2026-04-04 06:51:06","2026-04-04 06:51:06"
"474","80","13","2026-03-20 07:55:53",NULL,NULL,"0","2026-03-20 07:55:53","2026-03-20 07:55:53"
"475","80","13","2026-04-06 09:04:20",NULL,NULL,"0","2026-04-06 09:04:20","2026-04-06 09:04:20"
"476","80","10","2026-04-10 18:52:17",NULL,NULL,"0","2026-04-10 18:52:17","2026-04-10 18:52:17"
"477","80","8","2026-03-24 16:59:53",NULL,NULL,"0","2026-03-24 16:59:53","2026-03-24 16:59:53"
"478","80","5","2026-04-12 11:18:40",NULL,NULL,"0","2026-04-12 11:18:40","2026-04-12 11:18:40"
"479","80","2","2026-04-08 07:49:40",NULL,NULL,"0","2026-04-08 07:49:40","2026-04-08 07:49:40"
"480","80","8","2026-04-16 15:06:35",NULL,NULL,"0","2026-04-16 15:06:35","2026-04-16 15:06:35"
"481","80","10","2026-04-10 08:35:18",NULL,NULL,"0","2026-04-10 08:35:18","2026-04-10 08:35:18"
"482","80","13","2026-04-09 18:50:07",NULL,NULL,"0","2026-04-09 18:50:07","2026-04-09 18:50:07"
"483","80","8","2026-03-24 16:10:52",NULL,NULL,"0","2026-03-24 16:10:52","2026-03-24 16:10:52"
"484","80","1","2026-03-30 21:13:45",NULL,NULL,"0","2026-03-30 21:13:45","2026-03-30 21:13:45"
"485","80","10","2026-04-16 19:34:36",NULL,NULL,"0","2026-04-16 19:34:36","2026-04-16 19:34:36"
"486","80","12","2026-04-01 16:27:07",NULL,NULL,"0","2026-04-01 16:27:07","2026-04-01 16:27:07"
"487","80","10","2026-04-15 22:08:36",NULL,NULL,"0","2026-04-15 22:08:36","2026-04-15 22:08:36"
"488","80","10","2026-04-02 06:50:27",NULL,NULL,"0","2026-04-02 06:50:27","2026-04-02 06:50:27"
"489","80","4","2026-04-03 12:44:37",NULL,NULL,"0","2026-04-03 12:44:37","2026-04-03 12:44:37"
"490","80","2","2026-03-24 20:07:06",NULL,NULL,"0","2026-03-24 20:07:06","2026-03-24 20:07:06"
"491","80","3","2026-04-08 09:48:41",NULL,NULL,"0","2026-04-08 09:48:41","2026-04-08 09:48:41"
"492","80","3","2026-04-09 06:23:37",NULL,NULL,"0","2026-04-09 06:23:37","2026-04-09 06:23:37"
"493","80","13","2026-04-12 13:25:55",NULL,NULL,"0","2026-04-12 13:25:55","2026-04-12 13:25:55"
"494","81","13","2026-03-23 20:13:38",NULL,NULL,"0","2026-03-23 20:13:38","2026-03-23 20:13:38"
"495","81","14","2026-04-10 22:20:40",NULL,NULL,"0","2026-04-10 22:20:40","2026-04-10 22:20:40"
"496","81","1","2026-03-31 11:19:05",NULL,NULL,"0","2026-03-31 11:19:05","2026-03-31 11:19:05"
"497","81","8","2026-04-03 08:14:24",NULL,NULL,"0","2026-04-03 08:14:24","2026-04-03 08:14:24"
"498","81","12","2026-03-21 07:22:08",NULL,NULL,"0","2026-03-21 07:22:08","2026-03-21 07:22:08"
"499","81","12","2026-04-04 11:02:38",NULL,NULL,"0","2026-04-04 11:02:38","2026-04-04 11:02:38"
"500","81","2","2026-04-16 13:25:03",NULL,NULL,"0","2026-04-16 13:25:03","2026-04-16 13:25:03"
"501","81","2","2026-03-23 11:13:25",NULL,NULL,"0","2026-03-23 11:13:25","2026-03-23 11:13:25"
"502","81","10","2026-03-23 20:26:27",NULL,NULL,"0","2026-03-23 20:26:27","2026-03-23 20:26:27"
"503","82","11","2026-04-08 13:33:09",NULL,NULL,"0","2026-04-08 13:33:09","2026-04-08 13:33:09"
"504","82","6","2026-04-14 23:25:49",NULL,NULL,"0","2026-04-14 23:25:49","2026-04-14 23:25:49"
"505","82","13","2026-03-21 13:50:50",NULL,NULL,"0","2026-03-21 13:50:50","2026-03-21 13:50:50"
"506","82","2","2026-04-16 06:16:17",NULL,NULL,"0","2026-04-16 06:16:17","2026-04-16 06:16:17"
"507","82","9","2026-03-29 08:52:57",NULL,NULL,"0","2026-03-29 08:52:57","2026-03-29 08:52:57"
"508","82","9","2026-04-17 06:23:27",NULL,NULL,"0","2026-04-17 06:23:27","2026-04-17 06:23:27"
"509","82","8","2026-03-20 17:17:53",NULL,NULL,"0","2026-03-20 17:17:53","2026-03-20 17:17:53"
"510","82","12","2026-03-25 18:46:51",NULL,NULL,"0","2026-03-25 18:46:51","2026-03-25 18:46:51"
"511","82","14","2026-04-15 20:03:26",NULL,NULL,"0","2026-04-15 20:03:26","2026-04-15 20:03:26"
"512","82","8","2026-04-14 23:48:53",NULL,NULL,"0","2026-04-14 23:48:53","2026-04-14 23:48:53"
"513","82","10","2026-04-11 17:36:35",NULL,NULL,"0","2026-04-11 17:36:35","2026-04-11 17:36:35"
"514","82","12","2026-04-03 15:27:12",NULL,NULL,"0","2026-04-03 15:27:12","2026-04-03 15:27:12"
"515","82","11","2026-04-10 21:47:34",NULL,NULL,"0","2026-04-10 21:47:34","2026-04-10 21:47:34"
"516","82","3","2026-04-13 16:22:05",NULL,NULL,"0","2026-04-13 16:22:05","2026-04-13 16:22:05"
"517","82","13","2026-03-22 19:37:42",NULL,NULL,"0","2026-03-22 19:37:42","2026-03-22 19:37:42"
"518","82","2","2026-03-31 18:42:04",NULL,NULL,"0","2026-03-31 18:42:04","2026-03-31 18:42:04"
"519","82","10","2026-04-17 17:28:16",NULL,NULL,"0","2026-04-17 17:28:16","2026-04-17 17:28:16"
"520","82","2","2026-04-11 09:09:48",NULL,NULL,"0","2026-04-11 09:09:48","2026-04-11 09:09:48"
"521","82","9","2026-04-17 12:10:56",NULL,NULL,"0","2026-04-17 12:10:56","2026-04-17 12:10:56"
"522","82","11","2026-03-31 19:11:22",NULL,NULL,"0","2026-03-31 19:11:22","2026-03-31 19:11:22"
"523","82","11","2026-04-16 13:05:45",NULL,NULL,"0","2026-04-16 13:05:45","2026-04-16 13:05:45"
"524","82","5","2026-03-27 20:55:01",NULL,NULL,"0","2026-03-27 20:55:01","2026-03-27 20:55:01"
"525","82","13","2026-04-05 07:12:44",NULL,NULL,"0","2026-04-05 07:12:44","2026-04-05 07:12:44"
"526","82","6","2026-03-22 05:03:50",NULL,NULL,"0","2026-03-22 05:03:50","2026-03-22 05:03:50"
"527","82","1","2026-04-13 17:21:05",NULL,NULL,"0","2026-04-13 17:21:05","2026-04-13 17:21:05"
"528","82","3","2026-04-15 21:35:23",NULL,NULL,"0","2026-04-15 21:35:23","2026-04-15 21:35:23"
"529","82","11","2026-03-29 21:23:41",NULL,NULL,"0","2026-03-29 21:23:41","2026-03-29 21:23:41"
"530","82","13","2026-03-22 08:29:08",NULL,NULL,"0","2026-03-22 08:29:08","2026-03-22 08:29:08"
"531","82","8","2026-03-29 10:29:21",NULL,NULL,"0","2026-03-29 10:29:21","2026-03-29 10:29:21"
"532","82","2","2026-04-03 20:13:53",NULL,NULL,"0","2026-04-03 20:13:53","2026-04-03 20:13:53"
"533","82","13","2026-04-12 12:21:21",NULL,NULL,"0","2026-04-12 12:21:21","2026-04-12 12:21:21"
"534","82","8","2026-04-08 15:38:08",NULL,NULL,"0","2026-04-08 15:38:08","2026-04-08 15:38:08"
"535","84","2","2026-04-09 07:08:57",NULL,NULL,"0","2026-04-09 07:08:57","2026-04-09 07:08:57"
"536","84","14","2026-04-18 13:35:01",NULL,NULL,"0","2026-04-18 13:35:01","2026-04-18 13:35:01"
"537","84","10","2026-04-13 12:30:14",NULL,NULL,"0","2026-04-13 12:30:14","2026-04-13 12:30:14"
"538","84","12","2026-04-08 16:41:47",NULL,NULL,"0","2026-04-08 16:41:47","2026-04-08 16:41:47"
"539","84","11","2026-03-21 18:52:35",NULL,NULL,"0","2026-03-21 18:52:35","2026-03-21 18:52:35"
"540","84","14","2026-03-29 19:29:19",NULL,NULL,"0","2026-03-29 19:29:19","2026-03-29 19:29:19"
"541","84","4","2026-04-06 12:56:33",NULL,NULL,"0","2026-04-06 12:56:33","2026-04-06 12:56:33"
"542","84","5","2026-04-04 09:44:56",NULL,NULL,"0","2026-04-04 09:44:56","2026-04-04 09:44:56"
"543","84","9","2026-04-12 11:28:42",NULL,NULL,"0","2026-04-12 11:28:42","2026-04-12 11:28:42"
"544","85","13","2026-03-24 19:37:13",NULL,NULL,"0","2026-03-24 19:37:13","2026-03-24 19:37:13"
"545","85","9","2026-04-09 23:36:37",NULL,NULL,"0","2026-04-09 23:36:37","2026-04-09 23:36:37"
"546","85","12","2026-03-25 16:19:41",NULL,NULL,"0","2026-03-25 16:19:41","2026-03-25 16:19:41"
"547","85","4","2026-03-24 08:00:51",NULL,NULL,"0","2026-03-24 08:00:51","2026-03-24 08:00:51"
"548","85","4","2026-03-29 08:44:20",NULL,NULL,"0","2026-03-29 08:44:20","2026-03-29 08:44:20"
"549","85","11","2026-03-25 08:01:26",NULL,NULL,"0","2026-03-25 08:01:26","2026-03-25 08:01:26"
"550","85","10","2026-04-09 05:33:35",NULL,NULL,"0","2026-04-09 05:33:35","2026-04-09 05:33:35"
"551","85","6","2026-03-24 11:07:22",NULL,NULL,"0","2026-03-24 11:07:22","2026-03-24 11:07:22"
"552","85","6","2026-04-14 11:23:02",NULL,NULL,"0","2026-04-14 11:23:02","2026-04-14 11:23:02"
"553","85","5","2026-03-22 22:28:24",NULL,NULL,"0","2026-03-22 22:28:24","2026-03-22 22:28:24"
"554","85","14","2026-04-02 10:53:51",NULL,NULL,"0","2026-04-02 10:53:51","2026-04-02 10:53:51"
"555","85","11","2026-03-27 20:07:16",NULL,NULL,"0","2026-03-27 20:07:16","2026-03-27 20:07:16"
"556","85","7","2026-03-23 21:08:30",NULL,NULL,"0","2026-03-23 21:08:30","2026-03-23 21:08:30"
"557","85","9","2026-04-16 15:33:55",NULL,NULL,"0","2026-04-16 15:33:55","2026-04-16 15:33:55"
"558","85","12","2026-03-22 07:03:37",NULL,NULL,"0","2026-03-22 07:03:37","2026-03-22 07:03:37"
"559","85","11","2026-03-23 20:35:34",NULL,NULL,"0","2026-03-23 20:35:34","2026-03-23 20:35:34"
"560","85","2","2026-03-21 19:52:40",NULL,NULL,"0","2026-03-21 19:52:40","2026-03-21 19:52:40"
"561","85","13","2026-04-18 08:58:37",NULL,NULL,"0","2026-04-18 08:58:37","2026-04-18 08:58:37"
"562","85","14","2026-04-07 12:24:01",NULL,NULL,"0","2026-04-07 12:24:01","2026-04-07 12:24:01"
"563","85","6","2026-03-24 03:08:53",NULL,NULL,"0","2026-03-24 03:08:53","2026-03-24 03:08:53"
"564","85","10","2026-03-26 23:11:13",NULL,NULL,"0","2026-03-26 23:11:13","2026-03-26 23:11:13"
"565","85","2","2026-04-07 21:26:50",NULL,NULL,"0","2026-04-07 21:26:50","2026-04-07 21:26:50"
"566","85","11","2026-04-12 09:21:18",NULL,NULL,"0","2026-04-12 09:21:18","2026-04-12 09:21:18"
"567","85","2","2026-03-22 08:08:33",NULL,NULL,"0","2026-03-22 08:08:33","2026-03-22 08:08:33"
"568","85","8","2026-04-17 13:13:25",NULL,NULL,"0","2026-04-17 13:13:25","2026-04-17 13:13:25"
"569","85","13","2026-04-15 15:27:05",NULL,NULL,"0","2026-04-15 15:27:05","2026-04-15 15:27:05"
"570","85","11","2026-04-06 20:56:16",NULL,NULL,"0","2026-04-06 20:56:16","2026-04-06 20:56:16"
"571","85","1","2026-04-06 09:47:36",NULL,NULL,"0","2026-04-06 09:47:36","2026-04-06 09:47:36"
"572","85","8","2026-03-25 09:55:55",NULL,NULL,"0","2026-03-25 09:55:55","2026-03-25 09:55:55"
"573","85","2","2026-04-10 20:12:47",NULL,NULL,"0","2026-04-10 20:12:47","2026-04-10 20:12:47"
"574","85","1","2026-03-24 16:54:56",NULL,NULL,"0","2026-03-24 16:54:56","2026-03-24 16:54:56"
"575","85","6","2026-04-10 23:37:10",NULL,NULL,"0","2026-04-10 23:37:10","2026-04-10 23:37:10"
"576","85","2","2026-03-21 23:31:45",NULL,NULL,"0","2026-03-21 23:31:45","2026-03-21 23:31:45"
"577","85","5","2026-04-07 07:29:14",NULL,NULL,"0","2026-04-07 07:29:14","2026-04-07 07:29:14"
"578","85","7","2026-03-31 18:43:49",NULL,NULL,"0","2026-03-31 18:43:49","2026-03-31 18:43:49"
"579","85","4","2026-04-06 17:01:43",NULL,NULL,"0","2026-04-06 17:01:43","2026-04-06 17:01:43"
"580","85","2","2026-04-02 06:56:09",NULL,NULL,"0","2026-04-02 06:56:09","2026-04-02 06:56:09"
"581","85","6","2026-03-28 21:44:26",NULL,NULL,"0","2026-03-28 21:44:26","2026-03-28 21:44:26"
"582","85","9","2026-04-05 18:18:04",NULL,NULL,"0","2026-04-05 18:18:04","2026-04-05 18:18:04"
"583","85","9","2026-04-13 08:24:39",NULL,NULL,"0","2026-04-13 08:24:39","2026-04-13 08:24:39"
"584","85","10","2026-04-17 20:27:50",NULL,NULL,"0","2026-04-17 20:27:50","2026-04-17 20:27:50"
"585","85","2","2026-04-04 21:00:06",NULL,NULL,"0","2026-04-04 21:00:06","2026-04-04 21:00:06"
"586","85","11","2026-04-02 20:17:06",NULL,NULL,"0","2026-04-02 20:17:06","2026-04-02 20:17:06"
"587","85","13","2026-04-10 12:53:54",NULL,NULL,"0","2026-04-10 12:53:54","2026-04-10 12:53:54"
"588","85","4","2026-04-18 23:39:52",NULL,NULL,"0","2026-04-18 23:39:52","2026-04-18 23:39:52"
"589","85","11","2026-03-21 15:16:13",NULL,NULL,"0","2026-03-21 15:16:13","2026-03-21 15:16:13"
"590","85","11","2026-03-22 09:23:44",NULL,NULL,"0","2026-03-22 09:23:44","2026-03-22 09:23:44"
"591","85","3","2026-04-03 22:32:33",NULL,NULL,"0","2026-04-03 22:32:33","2026-04-03 22:32:33"
"592","85","9","2026-03-20 19:34:10",NULL,NULL,"0","2026-03-20 19:34:10","2026-03-20 19:34:10"
"593","85","6","2026-03-25 20:58:35",NULL,NULL,"0","2026-03-25 20:58:35","2026-03-25 20:58:35"
"594","86","4","2026-04-18 08:53:21",NULL,NULL,"0","2026-04-18 08:53:21","2026-04-18 08:53:21"
"595","86","3","2026-04-01 19:56:56",NULL,NULL,"0","2026-04-01 19:56:56","2026-04-01 19:56:56"
"596","86","1","2026-04-08 08:11:03",NULL,NULL,"0","2026-04-08 08:11:03","2026-04-08 08:11:03"
"597","86","6","2026-03-28 21:44:11",NULL,NULL,"0","2026-03-28 21:44:11","2026-03-28 21:44:11"
"598","86","14","2026-03-21 23:25:49",NULL,NULL,"0","2026-03-21 23:25:49","2026-03-21 23:25:49"
"599","86","4","2026-03-23 19:02:23",NULL,NULL,"0","2026-03-23 19:02:23","2026-03-23 19:02:23"
"600","86","4","2026-04-04 12:37:21",NULL,NULL,"0","2026-04-04 12:37:21","2026-04-04 12:37:21"
"601","86","5","2026-03-20 23:08:24",NULL,NULL,"0","2026-03-20 23:08:24","2026-03-20 23:08:24"
"602","86","11","2026-04-18 06:46:33",NULL,NULL,"0","2026-04-18 06:46:33","2026-04-18 06:46:33"
"603","86","2","2026-03-23 13:46:34",NULL,NULL,"0","2026-03-23 13:46:34","2026-03-23 13:46:34"
"604","86","11","2026-03-23 08:35:22",NULL,NULL,"0","2026-03-23 08:35:22","2026-03-23 08:35:22"
"605","86","5","2026-03-23 07:42:53",NULL,NULL,"0","2026-03-23 07:42:53","2026-03-23 07:42:53"
"606","86","3","2026-03-20 19:08:53",NULL,NULL,"0","2026-03-20 19:08:53","2026-03-20 19:08:53"
"607","86","13","2026-04-02 23:16:32",NULL,NULL,"0","2026-04-02 23:16:32","2026-04-02 23:16:32"
"608","86","3","2026-04-13 20:18:51",NULL,NULL,"0","2026-04-13 20:18:51","2026-04-13 20:18:51"
"609","86","14","2026-03-25 09:29:51",NULL,NULL,"0","2026-03-25 09:29:51","2026-03-25 09:29:51"
"610","86","3","2026-04-02 14:17:01",NULL,NULL,"0","2026-04-02 14:17:01","2026-04-02 14:17:01"
"611","86","8","2026-03-25 18:52:54",NULL,NULL,"0","2026-03-25 18:52:54","2026-03-25 18:52:54"
"612","86","3","2026-03-24 17:48:44",NULL,NULL,"0","2026-03-24 17:48:44","2026-03-24 17:48:44"
"613","86","2","2026-04-11 11:18:30",NULL,NULL,"0","2026-04-11 11:18:30","2026-04-11 11:18:30"
"614","86","7","2026-04-05 07:58:08",NULL,NULL,"0","2026-04-05 07:58:08","2026-04-05 07:58:08"
"615","86","1","2026-04-18 23:02:31",NULL,NULL,"0","2026-04-18 23:02:31","2026-04-18 23:02:31"
"616","86","1","2026-04-05 14:32:12",NULL,NULL,"0","2026-04-05 14:32:12","2026-04-05 14:32:12"
"617","86","3","2026-04-05 10:08:20",NULL,NULL,"0","2026-04-05 10:08:20","2026-04-05 10:08:20"
"618","86","14","2026-03-25 08:51:00",NULL,NULL,"0","2026-03-25 08:51:00","2026-03-25 08:51:00"
"619","86","3","2026-03-21 08:13:49",NULL,NULL,"0","2026-03-21 08:13:49","2026-03-21 08:13:49"
"620","86","10","2026-03-22 12:01:28",NULL,NULL,"0","2026-03-22 12:01:28","2026-03-22 12:01:28"
"621","86","12","2026-04-06 19:23:56",NULL,NULL,"0","2026-04-06 19:23:56","2026-04-06 19:23:56"
"622","86","5","2026-04-15 10:33:52",NULL,NULL,"0","2026-04-15 10:33:52","2026-04-15 10:33:52"
"623","86","6","2026-03-23 18:59:37",NULL,NULL,"0","2026-03-23 18:59:37","2026-03-23 18:59:37"
"624","86","5","2026-04-06 13:09:54",NULL,NULL,"0","2026-04-06 13:09:54","2026-04-06 13:09:54"
"625","88","3","2026-03-25 23:47:13",NULL,NULL,"0","2026-03-25 23:47:13","2026-03-25 23:47:13"
"626","88","4","2026-04-02 18:13:24",NULL,NULL,"0","2026-04-02 18:13:24","2026-04-02 18:13:24"
"627","88","5","2026-04-13 09:50:18",NULL,NULL,"0","2026-04-13 09:50:18","2026-04-13 09:50:18"
"628","88","9","2026-03-27 08:27:55",NULL,NULL,"0","2026-03-27 08:27:55","2026-03-27 08:27:55"
"629","88","11","2026-04-11 20:00:38",NULL,NULL,"0","2026-04-11 20:00:38","2026-04-11 20:00:38"
"630","88","5","2026-03-21 21:24:44",NULL,NULL,"0","2026-03-21 21:24:44","2026-03-21 21:24:44"
"631","88","6","2026-03-20 12:19:47",NULL,NULL,"0","2026-03-20 12:19:47","2026-03-20 12:19:47"
"632","88","3","2026-03-23 17:56:02",NULL,NULL,"0","2026-03-23 17:56:02","2026-03-23 17:56:02"
"633","88","12","2026-03-21 23:04:10",NULL,NULL,"0","2026-03-21 23:04:10","2026-03-21 23:04:10"
"634","88","5","2026-04-17 22:40:17",NULL,NULL,"0","2026-04-17 22:40:17","2026-04-17 22:40:17"
"635","88","10","2026-04-01 13:44:56",NULL,NULL,"0","2026-04-01 13:44:56","2026-04-01 13:44:56"
"636","88","10","2026-04-16 00:15:08",NULL,NULL,"0","2026-04-16 00:15:08","2026-04-16 00:15:08"
"637","88","14","2026-04-14 22:34:17",NULL,NULL,"0","2026-04-14 22:34:17","2026-04-14 22:34:17"
"638","88","7","2026-04-16 17:44:17",NULL,NULL,"0","2026-04-16 17:44:17","2026-04-16 17:44:17"
"639","88","4","2026-04-13 11:07:09",NULL,NULL,"0","2026-04-13 11:07:09","2026-04-13 11:07:09"
"640","88","9","2026-03-27 15:42:47",NULL,NULL,"0","2026-03-27 15:42:47","2026-03-27 15:42:47"
"641","88","7","2026-03-30 15:06:28",NULL,NULL,"0","2026-03-30 15:06:28","2026-03-30 15:06:28"
"642","88","12","2026-04-13 08:06:01",NULL,NULL,"0","2026-04-13 08:06:01","2026-04-13 08:06:01"
"643","88","12","2026-04-01 12:34:42",NULL,NULL,"0","2026-04-01 12:34:42","2026-04-01 12:34:42"
"644","88","1","2026-04-10 23:26:40",NULL,NULL,"0","2026-04-10 23:26:40","2026-04-10 23:26:40"
"645","88","10","2026-04-08 18:05:10",NULL,NULL,"0","2026-04-08 18:05:10","2026-04-08 18:05:10"
"646","88","7","2026-03-29 19:49:54",NULL,NULL,"0","2026-03-29 19:49:54","2026-03-29 19:49:54"
"647","88","9","2026-03-30 14:50:31",NULL,NULL,"0","2026-03-30 14:50:31","2026-03-30 14:50:31"
"648","88","14","2026-04-09 23:10:30",NULL,NULL,"0","2026-04-09 23:10:30","2026-04-09 23:10:30"
"649","88","3","2026-04-14 20:47:36",NULL,NULL,"0","2026-04-14 20:47:36","2026-04-14 20:47:36"
"650","88","8","2026-04-18 21:33:38",NULL,NULL,"0","2026-04-18 21:33:38","2026-04-18 21:33:38"
"651","88","7","2026-04-08 12:25:07",NULL,NULL,"0","2026-04-08 12:25:07","2026-04-08 12:25:07"
"652","88","6","2026-03-28 21:42:03",NULL,NULL,"0","2026-03-28 21:42:03","2026-03-28 21:42:03"
"653","88","14","2026-03-22 09:35:32",NULL,NULL,"0","2026-03-22 09:35:32","2026-03-22 09:35:32"
"654","88","10","2026-04-17 18:14:40",NULL,NULL,"0","2026-04-17 18:14:40","2026-04-17 18:14:40"
"655","88","3","2026-04-09 15:01:22",NULL,NULL,"0","2026-04-09 15:01:22","2026-04-09 15:01:22"
"656","88","6","2026-04-09 09:14:13",NULL,NULL,"0","2026-04-09 09:14:13","2026-04-09 09:14:13"
"657","88","4","2026-04-14 12:38:39",NULL,NULL,"0","2026-04-14 12:38:39","2026-04-14 12:38:39"
"658","88","4","2026-03-27 12:21:39",NULL,NULL,"0","2026-03-27 12:21:39","2026-03-27 12:21:39"
"659","88","14","2026-04-16 17:41:42",NULL,NULL,"0","2026-04-16 17:41:42","2026-04-16 17:41:42"
"660","88","1","2026-04-04 07:30:26",NULL,NULL,"0","2026-04-04 07:30:26","2026-04-04 07:30:26"
"661","88","8","2026-04-16 20:15:27",NULL,NULL,"0","2026-04-16 20:15:27","2026-04-16 20:15:27"
"662","88","6","2026-04-13 07:42:03",NULL,NULL,"0","2026-04-13 07:42:03","2026-04-13 07:42:03"
"663","88","4","2026-04-18 13:06:51",NULL,NULL,"0","2026-04-18 13:06:51","2026-04-18 13:06:51"
"664","88","10","2026-04-14 02:02:45",NULL,NULL,"0","2026-04-14 02:02:45","2026-04-14 02:02:45"
"665","88","8","2026-03-24 12:21:19",NULL,NULL,"0","2026-03-24 12:21:19","2026-03-24 12:21:19"
"666","88","9","2026-04-14 23:59:39",NULL,NULL,"0","2026-04-14 23:59:39","2026-04-14 23:59:39"
"667","88","6","2026-03-26 12:33:37",NULL,NULL,"0","2026-03-26 12:33:37","2026-03-26 12:33:37"
"668","88","8","2026-03-20 09:57:49",NULL,NULL,"0","2026-03-20 09:57:49","2026-03-20 09:57:49"
"669","88","2","2026-04-02 22:15:37",NULL,NULL,"0","2026-04-02 22:15:37","2026-04-02 22:15:37"
"670","88","12","2026-03-23 20:09:58",NULL,NULL,"0","2026-03-23 20:09:58","2026-03-23 20:09:58"
"671","88","4","2026-04-17 22:49:29",NULL,NULL,"0","2026-04-17 22:49:29","2026-04-17 22:49:29"
"672","88","8","2026-04-18 18:57:42",NULL,NULL,"0","2026-04-18 18:57:42","2026-04-18 18:57:42"
"673","88","7","2026-03-27 12:51:06",NULL,NULL,"0","2026-03-27 12:51:06","2026-03-27 12:51:06"
"674","88","2","2026-04-06 14:21:15",NULL,NULL,"0","2026-04-06 14:21:15","2026-04-06 14:21:15"
"675","88","13","2026-04-04 13:14:28",NULL,NULL,"0","2026-04-04 13:14:28","2026-04-04 13:14:28"
"676","88","11","2026-03-21 13:03:53",NULL,NULL,"0","2026-03-21 13:03:53","2026-03-21 13:03:53"
"677","88","11","2026-04-05 22:54:02",NULL,NULL,"0","2026-04-05 22:54:02","2026-04-05 22:54:02"
"678","88","8","2026-04-18 20:36:14",NULL,NULL,"0","2026-04-18 20:36:14","2026-04-18 20:36:14"
"679","88","2","2026-03-31 17:45:44",NULL,NULL,"0","2026-03-31 17:45:44","2026-03-31 17:45:44"
"680","88","1","2026-04-10 06:14:09",NULL,NULL,"0","2026-04-10 06:14:09","2026-04-10 06:14:09"
"681","89","1","2026-03-25 12:47:55",NULL,NULL,"0","2026-03-25 12:47:55","2026-03-25 12:47:55"
"682","89","4","2026-03-20 08:36:19",NULL,NULL,"0","2026-03-20 08:36:19","2026-03-20 08:36:19"
"683","89","11","2026-04-11 07:26:29",NULL,NULL,"0","2026-04-11 07:26:29","2026-04-11 07:26:29"
"684","89","9","2026-03-28 17:29:14",NULL,NULL,"0","2026-03-28 17:29:14","2026-03-28 17:29:14"
"685","89","13","2026-04-16 16:35:40",NULL,NULL,"0","2026-04-16 16:35:40","2026-04-16 16:35:40"
"686","89","10","2026-03-21 21:42:30",NULL,NULL,"0","2026-03-21 21:42:30","2026-03-21 21:42:30"
"687","89","8","2026-04-15 08:49:55",NULL,NULL,"0","2026-04-15 08:49:55","2026-04-15 08:49:55"
"688","89","8","2026-03-21 05:16:13",NULL,NULL,"0","2026-03-21 05:16:13","2026-03-21 05:16:13"
"689","89","13","2026-04-07 18:26:42",NULL,NULL,"0","2026-04-07 18:26:42","2026-04-07 18:26:42"
"690","89","11","2026-04-18 11:31:01",NULL,NULL,"0","2026-04-18 11:31:01","2026-04-18 11:31:01"
"691","89","6","2026-04-18 10:37:07",NULL,NULL,"0","2026-04-18 10:37:07","2026-04-18 10:37:07"
"692","89","12","2026-03-29 08:17:30",NULL,NULL,"0","2026-03-29 08:17:30","2026-03-29 08:17:30"
"693","89","12","2026-03-28 13:09:47",NULL,NULL,"0","2026-03-28 13:09:47","2026-03-28 13:09:47"
"694","89","1","2026-04-18 11:19:31",NULL,NULL,"0","2026-04-18 11:19:31","2026-04-18 11:19:31"
"695","89","10","2026-04-03 23:47:14",NULL,NULL,"0","2026-04-03 23:47:14","2026-04-03 23:47:14"
"696","89","2","2026-04-02 08:15:33",NULL,NULL,"0","2026-04-02 08:15:33","2026-04-02 08:15:33"
"697","89","13","2026-04-07 13:59:47",NULL,NULL,"0","2026-04-07 13:59:47","2026-04-07 13:59:47"
"698","89","7","2026-03-25 22:21:09",NULL,NULL,"0","2026-03-25 22:21:09","2026-03-25 22:21:09"
"699","89","4","2026-04-02 07:07:56",NULL,NULL,"0","2026-04-02 07:07:56","2026-04-02 07:07:56"
"700","89","6","2026-03-22 12:30:19",NULL,NULL,"0","2026-03-22 12:30:19","2026-03-22 12:30:19"
"701","89","4","2026-03-21 07:37:38",NULL,NULL,"0","2026-03-21 07:37:38","2026-03-21 07:37:38"
"702","89","10","2026-04-18 08:27:47",NULL,NULL,"0","2026-04-18 08:27:47","2026-04-18 08:27:47"
"703","90","8","2026-03-26 16:58:26",NULL,NULL,"0","2026-03-26 16:58:26","2026-03-26 16:58:26"
"704","90","1","2026-03-29 21:57:41",NULL,NULL,"0","2026-03-29 21:57:41","2026-03-29 21:57:41"
"705","90","8","2026-03-21 23:19:17",NULL,NULL,"0","2026-03-21 23:19:17","2026-03-21 23:19:17"
"706","90","5","2026-03-22 21:44:40",NULL,NULL,"0","2026-03-22 21:44:40","2026-03-22 21:44:40"
"707","90","4","2026-04-03 12:30:51",NULL,NULL,"0","2026-04-03 12:30:51","2026-04-03 12:30:51"
"708","90","3","2026-03-24 12:18:16",NULL,NULL,"0","2026-03-24 12:18:16","2026-03-24 12:18:16"
"709","90","8","2026-04-17 21:36:19",NULL,NULL,"0","2026-04-17 21:36:19","2026-04-17 21:36:19"
"710","90","3","2026-04-16 21:30:28",NULL,NULL,"0","2026-04-16 21:30:28","2026-04-16 21:30:28"
"711","90","9","2026-04-17 19:49:24",NULL,NULL,"0","2026-04-17 19:49:24","2026-04-17 19:49:24"
"712","90","5","2026-03-22 20:31:18",NULL,NULL,"0","2026-03-22 20:31:18","2026-03-22 20:31:18"
"713","90","14","2026-03-31 19:06:22",NULL,NULL,"0","2026-03-31 19:06:22","2026-03-31 19:06:22"
"714","90","7","2026-03-27 16:47:29",NULL,NULL,"0","2026-03-27 16:47:29","2026-03-27 16:47:29"
"715","90","2","2026-03-26 08:12:19",NULL,NULL,"0","2026-03-26 08:12:19","2026-03-26 08:12:19"
"716","90","7","2026-04-05 08:06:55",NULL,NULL,"0","2026-04-05 08:06:55","2026-04-05 08:06:55"
"717","90","2","2026-04-12 13:08:32",NULL,NULL,"0","2026-04-12 13:08:32","2026-04-12 13:08:32"
"718","90","8","2026-04-11 03:50:34",NULL,NULL,"0","2026-04-11 03:50:34","2026-04-11 03:50:34"
"719","90","12","2026-04-14 22:50:51",NULL,NULL,"0","2026-04-14 22:50:51","2026-04-14 22:50:51"
"720","90","7","2026-03-28 16:49:26",NULL,NULL,"0","2026-03-28 16:49:26","2026-03-28 16:49:26"
"721","90","8","2026-03-30 13:28:12",NULL,NULL,"0","2026-03-30 13:28:12","2026-03-30 13:28:12"
"722","90","10","2026-03-31 21:01:17",NULL,NULL,"0","2026-03-31 21:01:17","2026-03-31 21:01:17"
"723","90","9","2026-04-05 20:19:44",NULL,NULL,"0","2026-04-05 20:19:44","2026-04-05 20:19:44"
"724","90","9","2026-04-09 13:03:34",NULL,NULL,"0","2026-04-09 13:03:34","2026-04-09 13:03:34"
"725","90","11","2026-03-20 22:37:49",NULL,NULL,"0","2026-03-20 22:37:49","2026-03-20 22:37:49"
"726","90","12","2026-04-17 23:14:34",NULL,NULL,"0","2026-04-17 23:14:34","2026-04-17 23:14:34"
"727","90","8","2026-04-14 20:19:33",NULL,NULL,"0","2026-04-14 20:19:33","2026-04-14 20:19:33"
"728","90","9","2026-03-31 20:15:15",NULL,NULL,"0","2026-03-31 20:15:15","2026-03-31 20:15:15"
"729","90","4","2026-04-09 22:31:19",NULL,NULL,"0","2026-04-09 22:31:19","2026-04-09 22:31:19"
"730","90","10","2026-04-13 13:42:50",NULL,NULL,"0","2026-04-13 13:42:50","2026-04-13 13:42:50"
"731","90","12","2026-03-25 19:38:45",NULL,NULL,"0","2026-03-25 19:38:45","2026-03-25 19:38:45"
"732","90","13","2026-03-28 11:14:02",NULL,NULL,"0","2026-03-28 11:14:02","2026-03-28 11:14:02"
"733","90","11","2026-03-29 07:08:53",NULL,NULL,"0","2026-03-29 07:08:53","2026-03-29 07:08:53"
"734","90","2","2026-04-05 15:04:51",NULL,NULL,"0","2026-04-05 15:04:51","2026-04-05 15:04:51"
"735","90","10","2026-04-01 08:35:30",NULL,NULL,"0","2026-04-01 08:35:30","2026-04-01 08:35:30"
"736","90","14","2026-04-11 20:33:53",NULL,NULL,"0","2026-04-11 20:33:53","2026-04-11 20:33:53"
"737","63","14","2026-04-07 19:12:06",NULL,NULL,"0","2026-04-07 19:12:06","2026-04-07 19:12:06"
"738","63","1","2026-04-05 13:11:36",NULL,NULL,"0","2026-04-05 13:11:36","2026-04-05 13:11:36"
"739","63","12","2026-04-10 08:19:14",NULL,NULL,"0","2026-04-10 08:19:14","2026-04-10 08:19:14"
"740","63","5","2026-04-10 13:46:20",NULL,NULL,"0","2026-04-10 13:46:20","2026-04-10 13:46:20"
"741","63","2","2026-03-27 07:06:11",NULL,NULL,"0","2026-03-27 07:06:11","2026-03-27 07:06:11"
"742","63","2","2026-03-21 21:31:29",NULL,NULL,"0","2026-03-21 21:31:29","2026-03-21 21:31:29"
"743","63","12","2026-03-27 21:26:50",NULL,NULL,"0","2026-03-27 21:26:50","2026-03-27 21:26:50"
"744","63","12","2026-04-17 02:49:36",NULL,NULL,"0","2026-04-17 02:49:36","2026-04-17 02:49:36"
"745","63","8","2026-04-11 09:58:39",NULL,NULL,"0","2026-04-11 09:58:39","2026-04-11 09:58:39"
"746","63","10","2026-04-13 17:27:28",NULL,NULL,"0","2026-04-13 17:27:28","2026-04-13 17:27:28"
"747","63","5","2026-03-30 02:53:33",NULL,NULL,"0","2026-03-30 02:53:33","2026-03-30 02:53:33"
"748","63","13","2026-04-08 20:17:11",NULL,NULL,"0","2026-04-08 20:17:11","2026-04-08 20:17:11"
"749","63","12","2026-04-04 12:00:33",NULL,NULL,"0","2026-04-04 12:00:33","2026-04-04 12:00:33"
"750","63","9","2026-04-05 05:56:08",NULL,NULL,"0","2026-04-05 05:56:08","2026-04-05 05:56:08"
"751","63","10","2026-04-05 03:29:42",NULL,NULL,"0","2026-04-05 03:29:42","2026-04-05 03:29:42"
"752","63","5","2026-03-26 10:15:59",NULL,NULL,"0","2026-03-26 10:15:59","2026-03-26 10:15:59"
"753","63","2","2026-04-04 19:10:33",NULL,NULL,"0","2026-04-04 19:10:33","2026-04-04 19:10:33"
"754","63","6","2026-04-12 17:29:39",NULL,NULL,"0","2026-04-12 17:29:39","2026-04-12 17:29:39"
"755","63","1","2026-04-03 05:24:41",NULL,NULL,"0","2026-04-03 05:24:41","2026-04-03 05:24:41"
"756","63","8","2026-03-24 11:36:57",NULL,NULL,"0","2026-03-24 11:36:57","2026-03-24 11:36:57"
"757","63","14","2026-04-10 13:37:41",NULL,NULL,"0","2026-04-10 13:37:41","2026-04-10 13:37:41"
"758","63","4","2026-03-20 14:46:50",NULL,NULL,"0","2026-03-20 14:46:50","2026-03-20 14:46:50"
"759","63","7","2026-04-10 20:33:05",NULL,NULL,"0","2026-04-10 20:33:05","2026-04-10 20:33:05"
"760","63","7","2026-04-08 11:08:32",NULL,NULL,"0","2026-04-08 11:08:32","2026-04-08 11:08:32"
"761","63","2","2026-04-18 19:59:00",NULL,NULL,"0","2026-04-18 19:59:00","2026-04-18 19:59:00"
"762","63","9","2026-03-25 20:26:40",NULL,NULL,"0","2026-03-25 20:26:40","2026-03-25 20:26:40"
"763","63","7","2026-04-14 21:44:06",NULL,NULL,"0","2026-04-14 21:44:06","2026-04-14 21:44:06"
"764","63","13","2026-04-10 08:58:31",NULL,NULL,"0","2026-04-10 08:58:31","2026-04-10 08:58:31"
"765","63","2","2026-03-23 08:18:05",NULL,NULL,"0","2026-03-23 08:18:05","2026-03-23 08:18:05"
"766","63","9","2026-03-27 12:05:46",NULL,NULL,"0","2026-03-27 12:05:46","2026-03-27 12:05:46"
"767","63","10","2026-04-17 13:12:02",NULL,NULL,"0","2026-04-17 13:12:02","2026-04-17 13:12:02"
"768","63","5","2026-03-26 20:05:41",NULL,NULL,"0","2026-03-26 20:05:41","2026-03-26 20:05:41"
"769","63","8","2026-04-04 21:06:37",NULL,NULL,"0","2026-04-04 21:06:37","2026-04-04 21:06:37"
"770","63","13","2026-04-05 14:47:42",NULL,NULL,"0","2026-04-05 14:47:42","2026-04-05 14:47:42"
"771","63","3","2026-04-11 18:25:36",NULL,NULL,"0","2026-04-11 18:25:36","2026-04-11 18:25:36"
"772","63","10","2026-03-29 12:39:53",NULL,NULL,"0","2026-03-29 12:39:53","2026-03-29 12:39:53"
"773","63","11","2026-03-22 07:45:54",NULL,NULL,"0","2026-03-22 07:45:54","2026-03-22 07:45:54"
"774","63","1","2026-03-23 21:50:44",NULL,NULL,"0","2026-03-23 21:50:44","2026-03-23 21:50:44"
"775","63","14","2026-04-03 13:05:49",NULL,NULL,"0","2026-04-03 13:05:49","2026-04-03 13:05:49"
"776","63","11","2026-04-10 16:42:11",NULL,NULL,"0","2026-04-10 16:42:11","2026-04-10 16:42:11"
"777","63","7","2026-03-26 17:04:27",NULL,NULL,"0","2026-03-26 17:04:27","2026-03-26 17:04:27"
"778","63","11","2026-03-23 14:07:45",NULL,NULL,"0","2026-03-23 14:07:45","2026-03-23 14:07:45"
"779","63","14","2026-04-15 09:53:42",NULL,NULL,"0","2026-04-15 09:53:42","2026-04-15 09:53:42"
"780","63","9","2026-04-01 16:23:26",NULL,NULL,"0","2026-04-01 16:23:26","2026-04-01 16:23:26"
"781","63","3","2026-04-02 09:23:24",NULL,NULL,"0","2026-04-02 09:23:24","2026-04-02 09:23:24"
"782","63","3","2026-04-14 12:28:07",NULL,NULL,"0","2026-04-14 12:28:07","2026-04-14 12:28:07"
"783","63","11","2026-04-01 00:24:38",NULL,NULL,"0","2026-04-01 00:24:38","2026-04-01 00:24:38"
"784","63","6","2026-03-22 09:53:56",NULL,NULL,"0","2026-03-22 09:53:56","2026-03-22 09:53:56"
"785","63","10","2026-04-16 21:10:32",NULL,NULL,"0","2026-04-16 21:10:32","2026-04-16 21:10:32"
"786","63","8","2026-04-18 12:32:38",NULL,NULL,"0","2026-04-18 12:32:38","2026-04-18 12:32:38"
"787","63","1","2026-04-18 05:43:24",NULL,NULL,"0","2026-04-18 05:43:24","2026-04-18 05:43:24"
"788","63","14","2026-04-12 12:53:20",NULL,NULL,"0","2026-04-12 12:53:20","2026-04-12 12:53:20"
"789","63","9","2026-04-11 23:45:17",NULL,NULL,"0","2026-04-11 23:45:17","2026-04-11 23:45:17"
"790","63","11","2026-03-29 21:33:14",NULL,NULL,"0","2026-03-29 21:33:14","2026-03-29 21:33:14"
"791","63","7","2026-04-06 13:12:14",NULL,NULL,"0","2026-04-06 13:12:14","2026-04-06 13:12:14"
"792","63","3","2026-04-17 07:13:45",NULL,NULL,"0","2026-04-17 07:13:45","2026-04-17 07:13:45"
"793","67","3","2026-03-20 12:08:17",NULL,NULL,"0","2026-03-20 12:08:17","2026-03-20 12:08:17"
"794","67","7","2026-04-12 20:24:41",NULL,NULL,"0","2026-04-12 20:24:41","2026-04-12 20:24:41"
"795","67","8","2026-04-15 08:33:52",NULL,NULL,"0","2026-04-15 08:33:52","2026-04-15 08:33:52"
"796","67","2","2026-03-23 20:50:39",NULL,NULL,"0","2026-03-23 20:50:39","2026-03-23 20:50:39"
"797","67","11","2026-04-15 22:48:32",NULL,NULL,"0","2026-04-15 22:48:32","2026-04-15 22:48:32"
"798","67","12","2026-03-30 08:31:48",NULL,NULL,"0","2026-03-30 08:31:48","2026-03-30 08:31:48"
"799","67","14","2026-03-21 21:42:17",NULL,NULL,"0","2026-03-21 21:42:17","2026-03-21 21:42:17"
"800","67","5","2026-03-20 21:01:45",NULL,NULL,"0","2026-03-20 21:01:45","2026-03-20 21:01:45"
"801","67","9","2026-04-10 18:04:39",NULL,NULL,"0","2026-04-10 18:04:39","2026-04-10 18:04:39"
"802","67","9","2026-04-18 19:50:55",NULL,NULL,"0","2026-04-18 19:50:55","2026-04-18 19:50:55"
"803","67","9","2026-03-23 11:39:23",NULL,NULL,"0","2026-03-23 11:39:23","2026-03-23 11:39:23"
"804","67","11","2026-04-11 22:46:52",NULL,NULL,"0","2026-04-11 22:46:52","2026-04-11 22:46:52"
"805","67","5","2026-03-27 10:20:06",NULL,NULL,"0","2026-03-27 10:20:06","2026-03-27 10:20:06"
"806","67","1","2026-04-11 22:39:39",NULL,NULL,"0","2026-04-11 22:39:39","2026-04-11 22:39:39"
"807","67","1","2026-04-03 17:09:59",NULL,NULL,"0","2026-04-03 17:09:59","2026-04-03 17:09:59"
"808","67","3","2026-03-28 13:41:59",NULL,NULL,"0","2026-03-28 13:41:59","2026-03-28 13:41:59"
"809","67","9","2026-03-30 13:50:50",NULL,NULL,"0","2026-03-30 13:50:50","2026-03-30 13:50:50"
"810","67","7","2026-03-24 14:25:04",NULL,NULL,"0","2026-03-24 14:25:04","2026-03-24 14:25:04"
"811","67","9","2026-04-07 21:14:34",NULL,NULL,"0","2026-04-07 21:14:34","2026-04-07 21:14:34"
"812","67","4","2026-03-20 11:44:48",NULL,NULL,"0","2026-03-20 11:44:48","2026-03-20 11:44:48"
"813","67","10","2026-04-12 09:26:04",NULL,NULL,"0","2026-04-12 09:26:04","2026-04-12 09:26:04"
"814","67","1","2026-04-04 22:06:29",NULL,NULL,"0","2026-04-04 22:06:29","2026-04-04 22:06:29"
"815","67","6","2026-03-25 14:47:55",NULL,NULL,"0","2026-03-25 14:47:55","2026-03-25 14:47:55"
"816","67","14","2026-04-07 18:22:18",NULL,NULL,"0","2026-04-07 18:22:18","2026-04-07 18:22:18"
"817","67","5","2026-04-03 13:23:44",NULL,NULL,"0","2026-04-03 13:23:44","2026-04-03 13:23:44"
"818","67","13","2026-03-23 13:32:17",NULL,NULL,"0","2026-03-23 13:32:17","2026-03-23 13:32:17"
"819","67","3","2026-04-06 03:12:39",NULL,NULL,"0","2026-04-06 03:12:39","2026-04-06 03:12:39"
"820","67","13","2026-04-10 21:59:48",NULL,NULL,"0","2026-04-10 21:59:48","2026-04-10 21:59:48"
"821","67","10","2026-03-26 07:07:45",NULL,NULL,"0","2026-03-26 07:07:45","2026-03-26 07:07:45"
"822","67","13","2026-04-17 03:02:07",NULL,NULL,"0","2026-04-17 03:02:07","2026-04-17 03:02:07"
"823","67","13","2026-04-09 22:26:01",NULL,NULL,"0","2026-04-09 22:26:01","2026-04-09 22:26:01"
"824","67","12","2026-04-06 11:09:10",NULL,NULL,"0","2026-04-06 11:09:10","2026-04-06 11:09:10"
"825","67","11","2026-04-15 19:31:34",NULL,NULL,"0","2026-04-15 19:31:34","2026-04-15 19:31:34"
"826","67","13","2026-03-25 04:07:12",NULL,NULL,"0","2026-03-25 04:07:12","2026-03-25 04:07:12"
"827","67","14","2026-04-10 22:05:23",NULL,NULL,"0","2026-04-10 22:05:23","2026-04-10 22:05:23"
"828","67","3","2026-03-22 00:45:28",NULL,NULL,"0","2026-03-22 00:45:28","2026-03-22 00:45:28"
"829","67","4","2026-04-14 14:01:32",NULL,NULL,"0","2026-04-14 14:01:32","2026-04-14 14:01:32"
"830","67","1","2026-04-04 21:03:55",NULL,NULL,"0","2026-04-04 21:03:55","2026-04-04 21:03:55"
"831","71","14","2026-04-04 23:22:32",NULL,NULL,"0","2026-04-04 23:22:32","2026-04-04 23:22:32"
"832","71","7","2026-04-11 10:05:45",NULL,NULL,"0","2026-04-11 10:05:45","2026-04-11 10:05:45"
"833","71","13","2026-04-09 05:41:34",NULL,NULL,"0","2026-04-09 05:41:34","2026-04-09 05:41:34"
"834","71","11","2026-03-23 23:00:44",NULL,NULL,"0","2026-03-23 23:00:44","2026-03-23 23:00:44"
"835","71","9","2026-03-27 17:01:30",NULL,NULL,"0","2026-03-27 17:01:30","2026-03-27 17:01:30"
"836","71","6","2026-04-04 20:10:41",NULL,NULL,"0","2026-04-04 20:10:41","2026-04-04 20:10:41"
"837","71","12","2026-04-18 18:54:58",NULL,NULL,"0","2026-04-18 18:54:58","2026-04-18 18:54:58"
"838","71","7","2026-04-15 13:24:35",NULL,NULL,"0","2026-04-15 13:24:35","2026-04-15 13:24:35"
"839","71","14","2026-03-25 15:26:09",NULL,NULL,"0","2026-03-25 15:26:09","2026-03-25 15:26:09"
"840","71","6","2026-03-26 08:08:23",NULL,NULL,"0","2026-03-26 08:08:23","2026-03-26 08:08:23"
"841","71","14","2026-04-17 18:36:19",NULL,NULL,"0","2026-04-17 18:36:19","2026-04-17 18:36:19"
"842","71","10","2026-04-14 09:23:30",NULL,NULL,"0","2026-04-14 09:23:30","2026-04-14 09:23:30"
"843","71","13","2026-03-28 06:45:13",NULL,NULL,"0","2026-03-28 06:45:13","2026-03-28 06:45:13"
"844","71","4","2026-03-24 16:03:09",NULL,NULL,"0","2026-03-24 16:03:09","2026-03-24 16:03:09"
"845","71","12","2026-04-14 19:05:19",NULL,NULL,"0","2026-04-14 19:05:19","2026-04-14 19:05:19"
"846","71","7","2026-04-18 17:56:51",NULL,NULL,"0","2026-04-18 17:56:51","2026-04-18 17:56:51"
"847","71","13","2026-04-09 18:54:30",NULL,NULL,"0","2026-04-09 18:54:30","2026-04-09 18:54:30"
"848","71","5","2026-04-07 21:00:22",NULL,NULL,"0","2026-04-07 21:00:22","2026-04-07 21:00:22"
"849","71","7","2026-04-08 21:07:55",NULL,NULL,"0","2026-04-08 21:07:55","2026-04-08 21:07:55"
"850","71","14","2026-04-01 21:35:42",NULL,NULL,"0","2026-04-01 21:35:42","2026-04-01 21:35:42"
"851","71","7","2026-04-02 20:26:01",NULL,NULL,"0","2026-04-02 20:26:01","2026-04-02 20:26:01"
"852","71","7","2026-04-15 22:02:20",NULL,NULL,"0","2026-04-15 22:02:20","2026-04-15 22:02:20"
"853","71","9","2026-04-18 19:30:54",NULL,NULL,"0","2026-04-18 19:30:54","2026-04-18 19:30:54"
"854","71","1","2026-03-24 10:19:10",NULL,NULL,"0","2026-03-24 10:19:10","2026-03-24 10:19:10"
"855","71","14","2026-03-28 17:09:03",NULL,NULL,"0","2026-03-28 17:09:03","2026-03-28 17:09:03"
"856","71","2","2026-03-26 16:35:53",NULL,NULL,"0","2026-03-26 16:35:53","2026-03-26 16:35:53"
"857","71","5","2026-03-21 20:04:51",NULL,NULL,"0","2026-03-21 20:04:51","2026-03-21 20:04:51"
"858","71","4","2026-03-24 06:29:52",NULL,NULL,"0","2026-03-24 06:29:52","2026-03-24 06:29:52"
"859","71","8","2026-04-09 05:50:55",NULL,NULL,"0","2026-04-09 05:50:55","2026-04-09 05:50:55"
"860","71","13","2026-03-23 22:32:16",NULL,NULL,"0","2026-03-23 22:32:16","2026-03-23 22:32:16"
"861","71","3","2026-03-28 08:15:56",NULL,NULL,"0","2026-03-28 08:15:56","2026-03-28 08:15:56"
"862","71","3","2026-04-08 12:23:29",NULL,NULL,"0","2026-04-08 12:23:29","2026-04-08 12:23:29"
"863","71","14","2026-03-26 12:07:41",NULL,NULL,"0","2026-03-26 12:07:41","2026-03-26 12:07:41"
"864","71","3","2026-03-26 07:04:47",NULL,NULL,"0","2026-03-26 07:04:47","2026-03-26 07:04:47"
"865","71","11","2026-03-30 22:16:10",NULL,NULL,"0","2026-03-30 22:16:10","2026-03-30 22:16:10"
"866","71","3","2026-04-09 15:04:34",NULL,NULL,"0","2026-04-09 15:04:34","2026-04-09 15:04:34"
"867","71","13","2026-04-09 09:06:37",NULL,NULL,"0","2026-04-09 09:06:37","2026-04-09 09:06:37"
"868","71","1","2026-04-04 10:41:35",NULL,NULL,"0","2026-04-04 10:41:35","2026-04-04 10:41:35"
"869","71","12","2026-04-01 21:26:47",NULL,NULL,"0","2026-04-01 21:26:47","2026-04-01 21:26:47"
"870","71","10","2026-04-14 21:44:07",NULL,NULL,"0","2026-04-14 21:44:07","2026-04-14 21:44:07"
"871","71","5","2026-04-04 21:47:34",NULL,NULL,"0","2026-04-04 21:47:34","2026-04-04 21:47:34"
"872","71","3","2026-04-14 20:34:41",NULL,NULL,"0","2026-04-14 20:34:41","2026-04-14 20:34:41"
"873","71","8","2026-03-25 18:18:20",NULL,NULL,"0","2026-03-25 18:18:20","2026-03-25 18:18:20"
"874","71","10","2026-03-27 11:07:37",NULL,NULL,"0","2026-03-27 11:07:37","2026-03-27 11:07:37"
"875","71","5","2026-03-28 12:30:17",NULL,NULL,"0","2026-03-28 12:30:17","2026-03-28 12:30:17"
"876","71","12","2026-04-16 18:46:12",NULL,NULL,"0","2026-04-16 18:46:12","2026-04-16 18:46:12"
"877","71","11","2026-04-18 16:43:30",NULL,NULL,"0","2026-04-18 16:43:30","2026-04-18 16:43:30"
"878","71","5","2026-03-30 13:16:17",NULL,NULL,"0","2026-03-30 13:16:17","2026-03-30 13:16:17"
"879","71","4","2026-04-11 20:58:20",NULL,NULL,"0","2026-04-11 20:58:20","2026-04-11 20:58:20"
"880","71","8","2026-03-23 18:04:48",NULL,NULL,"0","2026-03-23 18:04:48","2026-03-23 18:04:48"
"881","71","8","2026-03-22 10:42:00",NULL,NULL,"0","2026-03-22 10:42:00","2026-03-22 10:42:00"
"882","71","4","2026-04-08 20:49:31",NULL,NULL,"0","2026-04-08 20:49:31","2026-04-08 20:49:31"
"883","71","7","2026-04-04 18:43:29",NULL,NULL,"0","2026-04-04 18:43:29","2026-04-04 18:43:29"
"884","71","12","2026-04-17 09:54:40",NULL,NULL,"0","2026-04-17 09:54:40","2026-04-17 09:54:40"
"885","71","1","2026-04-02 17:07:47",NULL,NULL,"0","2026-04-02 17:07:47","2026-04-02 17:07:47"
"886","71","7","2026-03-24 18:15:06",NULL,NULL,"0","2026-03-24 18:15:06","2026-03-24 18:15:06"
"887","71","10","2026-03-20 14:15:05",NULL,NULL,"0","2026-03-20 14:15:05","2026-03-20 14:15:05"
"888","71","11","2026-04-01 08:38:28",NULL,NULL,"0","2026-04-01 08:38:28","2026-04-01 08:38:28"
"889","71","13","2026-03-30 13:44:17",NULL,NULL,"0","2026-03-30 13:44:17","2026-03-30 13:44:17"
"890","75","3","2026-04-11 21:45:31",NULL,NULL,"0","2026-04-11 21:45:31","2026-04-11 21:45:31"
"891","75","1","2026-04-17 22:57:28",NULL,NULL,"0","2026-04-17 22:57:28","2026-04-17 22:57:28"
"892","75","5","2026-03-27 21:54:31",NULL,NULL,"0","2026-03-27 21:54:31","2026-03-27 21:54:31"
"893","75","12","2026-03-20 17:31:59",NULL,NULL,"0","2026-03-20 17:31:59","2026-03-20 17:31:59"
"894","75","14","2026-04-02 18:44:37",NULL,NULL,"0","2026-04-02 18:44:37","2026-04-02 18:44:37"
"895","75","5","2026-04-09 21:38:20",NULL,NULL,"0","2026-04-09 21:38:20","2026-04-09 21:38:20"
"896","75","7","2026-03-22 20:34:52",NULL,NULL,"0","2026-03-22 20:34:52","2026-03-22 20:34:52"
"897","75","13","2026-03-23 21:06:01",NULL,NULL,"0","2026-03-23 21:06:01","2026-03-23 21:06:01"
"898","75","7","2026-03-28 16:57:46",NULL,NULL,"0","2026-03-28 16:57:46","2026-03-28 16:57:46"
"899","75","1","2026-04-15 22:13:18",NULL,NULL,"0","2026-04-15 22:13:18","2026-04-15 22:13:18"
"900","75","10","2026-03-21 22:31:32",NULL,NULL,"0","2026-03-21 22:31:32","2026-03-21 22:31:32"
"901","75","9","2026-03-26 20:42:43",NULL,NULL,"0","2026-03-26 20:42:43","2026-03-26 20:42:43"
"902","75","7","2026-04-16 19:11:35",NULL,NULL,"0","2026-04-16 19:11:35","2026-04-16 19:11:35"
"903","75","8","2026-04-17 14:20:17",NULL,NULL,"0","2026-04-17 14:20:17","2026-04-17 14:20:17"
"904","75","2","2026-03-25 17:26:51",NULL,NULL,"0","2026-03-25 17:26:51","2026-03-25 17:26:51"
"905","75","10","2026-03-25 08:44:30",NULL,NULL,"0","2026-03-25 08:44:30","2026-03-25 08:44:30"
"906","75","9","2026-03-25 08:01:25",NULL,NULL,"0","2026-03-25 08:01:25","2026-03-25 08:01:25"
"907","75","10","2026-03-25 08:10:37",NULL,NULL,"0","2026-03-25 08:10:37","2026-03-25 08:10:37"
"908","75","5","2026-04-03 12:51:02",NULL,NULL,"0","2026-04-03 12:51:02","2026-04-03 12:51:02"
"909","75","7","2026-04-04 08:22:00",NULL,NULL,"0","2026-04-04 08:22:00","2026-04-04 08:22:00"
"910","75","8","2026-04-18 18:38:12",NULL,NULL,"0","2026-04-18 18:38:12","2026-04-18 18:38:12"
"911","75","9","2026-03-23 04:16:35",NULL,NULL,"0","2026-03-23 04:16:35","2026-03-23 04:16:35"
"912","75","3","2026-03-30 23:02:39",NULL,NULL,"0","2026-03-30 23:02:39","2026-03-30 23:02:39"
"913","75","6","2026-03-28 17:56:03",NULL,NULL,"0","2026-03-28 17:56:03","2026-03-28 17:56:03"
"914","75","7","2026-03-20 21:14:39",NULL,NULL,"0","2026-03-20 21:14:39","2026-03-20 21:14:39"
"915","75","4","2026-04-08 17:20:19",NULL,NULL,"0","2026-04-08 17:20:19","2026-04-08 17:20:19"
"916","79","1","2026-04-02 17:18:26",NULL,NULL,"0","2026-04-02 17:18:26","2026-04-02 17:18:26"
"917","79","2","2026-03-31 23:50:05",NULL,NULL,"0","2026-03-31 23:50:05","2026-03-31 23:50:05"
"918","79","7","2026-04-02 19:16:07",NULL,NULL,"0","2026-04-02 19:16:07","2026-04-02 19:16:07"
"919","79","1","2026-04-08 08:22:15",NULL,NULL,"0","2026-04-08 08:22:15","2026-04-08 08:22:15"
"920","79","12","2026-03-20 12:01:01",NULL,NULL,"0","2026-03-20 12:01:01","2026-03-20 12:01:01"
"921","79","3","2026-04-03 11:01:31",NULL,NULL,"0","2026-04-03 11:01:31","2026-04-03 11:01:31"
"922","79","3","2026-04-18 13:15:21",NULL,NULL,"0","2026-04-18 13:15:21","2026-04-18 13:15:21"
"923","79","10","2026-04-06 07:50:10",NULL,NULL,"0","2026-04-06 07:50:10","2026-04-06 07:50:10"
"924","83","6","2026-03-24 21:36:59",NULL,NULL,"0","2026-03-24 21:36:59","2026-03-24 21:36:59"
"925","83","3","2026-04-13 11:25:45",NULL,NULL,"0","2026-04-13 11:25:45","2026-04-13 11:25:45"
"926","83","13","2026-04-07 08:08:16",NULL,NULL,"0","2026-04-07 08:08:16","2026-04-07 08:08:16"
"927","83","7","2026-03-30 07:28:20",NULL,NULL,"0","2026-03-30 07:28:20","2026-03-30 07:28:20"
"928","83","7","2026-04-13 21:35:12",NULL,NULL,"0","2026-04-13 21:35:12","2026-04-13 21:35:12"
"929","83","3","2026-03-27 17:02:19",NULL,NULL,"0","2026-03-27 17:02:19","2026-03-27 17:02:19"
"930","83","6","2026-03-31 20:17:53",NULL,NULL,"0","2026-03-31 20:17:53","2026-03-31 20:17:53"
"931","83","2","2026-03-22 23:38:38",NULL,NULL,"0","2026-03-22 23:38:38","2026-03-22 23:38:38"
"932","83","6","2026-03-24 21:07:58",NULL,NULL,"0","2026-03-24 21:07:58","2026-03-24 21:07:58"
"933","83","7","2026-04-07 23:28:53",NULL,NULL,"0","2026-04-07 23:28:53","2026-04-07 23:28:53"
"934","83","6","2026-03-22 08:37:58",NULL,NULL,"0","2026-03-22 08:37:58","2026-03-22 08:37:58"
"935","83","12","2026-03-29 21:08:36",NULL,NULL,"0","2026-03-29 21:08:36","2026-03-29 21:08:36"
"936","83","4","2026-04-17 09:49:46",NULL,NULL,"0","2026-04-17 09:49:46","2026-04-17 09:49:46"
"937","83","3","2026-04-03 15:33:02",NULL,NULL,"0","2026-04-03 15:33:02","2026-04-03 15:33:02"
"938","87","10","2026-04-16 18:13:16",NULL,NULL,"0","2026-04-16 18:13:16","2026-04-16 18:13:16"
"939","87","2","2026-03-23 11:38:32",NULL,NULL,"0","2026-03-23 11:38:32","2026-03-23 11:38:32"
"940","87","14","2026-03-20 20:42:24",NULL,NULL,"0","2026-03-20 20:42:24","2026-03-20 20:42:24"
"941","87","12","2026-04-06 17:24:21",NULL,NULL,"0","2026-04-06 17:24:21","2026-04-06 17:24:21"
"942","87","7","2026-03-24 16:35:44",NULL,NULL,"0","2026-03-24 16:35:44","2026-03-24 16:35:44"
"943","87","5","2026-04-03 20:29:03",NULL,NULL,"0","2026-04-03 20:29:03","2026-04-03 20:29:03"
"944","87","12","2026-03-20 22:44:45",NULL,NULL,"0","2026-03-20 22:44:45","2026-03-20 22:44:45"
"945","87","1","2026-04-14 21:08:32",NULL,NULL,"0","2026-04-14 21:08:32","2026-04-14 21:08:32"
"946","87","10","2026-04-07 21:37:30",NULL,NULL,"0","2026-04-07 21:37:30","2026-04-07 21:37:30"
"947","87","9","2026-04-08 15:44:36",NULL,NULL,"0","2026-04-08 15:44:36","2026-04-08 15:44:36"
"948","87","12","2026-03-29 14:11:58",NULL,NULL,"0","2026-03-29 14:11:58","2026-03-29 14:11:58"
"949","87","9","2026-04-13 21:58:20",NULL,NULL,"0","2026-04-13 21:58:20","2026-04-13 21:58:20"
"950","87","14","2026-03-30 21:33:47",NULL,NULL,"0","2026-03-30 21:33:47","2026-03-30 21:33:47"
"951","87","6","2026-04-02 08:00:03",NULL,NULL,"0","2026-04-02 08:00:03","2026-04-02 08:00:03"
"952","87","9","2026-03-22 17:32:08",NULL,NULL,"0","2026-03-22 17:32:08","2026-03-22 17:32:08"
"953","3","158","2026-01-01 21:31:43","171","81.00","0","2026-01-01 21:31:43","2026-01-01 21:31:43"
"954","3","138","2026-01-01 20:33:50","269","75.00","0","2026-01-01 20:33:50","2026-01-01 20:33:50"
"955","3","163","2026-01-01 20:56:41","292","97.00","1","2026-01-01 20:56:41","2026-01-01 20:56:41"
"956","3","135","2026-01-01 14:54:49","231","94.00","0","2026-01-01 14:54:49","2026-01-01 14:54:49"
"957","3","155","2026-01-02 09:42:11","187","79.00","0","2026-01-02 09:42:11","2026-01-02 09:42:11"
"958","3","156","2026-01-02 22:51:32","290","99.00","1","2026-01-02 22:51:32","2026-01-02 22:51:32"
"959","3","78","2026-01-02 20:22:33","291","97.00","1","2026-01-02 20:22:33","2026-01-02 20:22:33"
"960","3","26","2026-01-02 19:34:57","256","87.00","0","2026-01-02 19:34:57","2026-01-02 19:34:57"
"961","3","161","2026-01-02 16:20:50","248","94.00","0","2026-01-02 16:20:50","2026-01-02 16:20:50"
"962","3","52","2026-01-02 17:06:40","215","85.00","0","2026-01-02 17:06:40","2026-01-02 17:06:40"
"963","3","63","2026-01-03 21:10:30","63","49.00","0","2026-01-03 21:10:30","2026-01-03 21:10:30"
"964","3","73","2026-01-03 14:32:23","269","100.00","1","2026-01-03 14:32:23","2026-01-03 14:32:23"
"965","3","98","2026-01-03 19:50:43","251","97.00","1","2026-01-03 19:50:43","2026-01-03 19:50:43"
"966","3","168","2026-01-03 15:11:16","226","85.00","0","2026-01-03 15:11:16","2026-01-03 15:11:16"
"967","3","143","2026-01-04 22:31:04","257","95.00","1","2026-01-04 22:31:04","2026-01-04 22:31:04"
"968","3","137","2026-01-04 23:16:59","235","98.00","1","2026-01-04 23:16:59","2026-01-04 23:16:59"
"969","3","136","2026-01-04 17:58:53","176","81.00","0","2026-01-04 17:58:53","2026-01-04 17:58:53"
"970","3","142","2026-01-05 19:15:13","180","77.00","0","2026-01-05 19:15:13","2026-01-05 19:15:13"
"971","3","146","2026-01-05 21:57:26","191","86.00","0","2026-01-05 21:57:26","2026-01-05 21:57:26"
"972","3","166","2026-01-05 18:06:33","231","100.00","1","2026-01-05 18:06:33","2026-01-05 18:06:33"
"973","3","171","2026-01-06 21:34:33","217","92.00","0","2026-01-06 21:34:33","2026-01-06 21:34:33"
"974","3","36","2026-01-06 09:18:36","243","94.00","0","2026-01-06 09:18:36","2026-01-06 09:18:36"
"975","3","130","2026-01-06 16:28:04","276","86.00","0","2026-01-06 16:28:04","2026-01-06 16:28:04"
"976","3","138","2026-01-07 22:50:35","330","92.00","0","2026-01-07 22:50:35","2026-01-07 22:50:35"
"977","3","61","2026-01-07 21:18:05","163","68.00","0","2026-01-07 21:18:05","2026-01-07 21:18:05"
"978","3","120","2026-01-07 07:44:14","214","89.00","0","2026-01-07 07:44:14","2026-01-07 07:44:14"
"979","3","161","2026-01-07 03:32:32","238","90.00","0","2026-01-07 03:32:32","2026-01-07 03:32:32"
"980","3","168","2026-01-08 10:56:49","226","85.00","0","2026-01-08 10:56:49","2026-01-08 10:56:49"
"981","3","107","2026-01-08 17:41:27","148","37.00","0","2026-01-08 17:41:27","2026-01-08 17:41:27"
"982","3","151","2026-01-08 13:09:09","107","63.00","0","2026-01-08 13:09:09","2026-01-08 13:09:09"
"983","3","23","2026-01-08 20:12:23","101","48.00","0","2026-01-08 20:12:23","2026-01-08 20:12:23"
"984","3","17","2026-01-08 21:38:30","289","90.00","0","2026-01-08 21:38:30","2026-01-08 21:38:30"
"985","3","143","2026-01-08 12:20:12","247","91.00","0","2026-01-08 12:20:12","2026-01-08 12:20:12"
"986","3","137","2026-01-09 01:52:55","120","50.00","0","2026-01-09 01:52:55","2026-01-09 01:52:55"
"987","3","141","2026-01-09 13:47:41","150","63.00","0","2026-01-09 13:47:41","2026-01-09 13:47:41"
"988","3","81","2026-01-09 08:14:17","244","95.00","1","2026-01-09 08:14:17","2026-01-09 08:14:17"
"989","3","3","2026-01-09 20:50:17","180","97.00","1","2026-01-09 20:50:17","2026-01-09 20:50:17"
"990","3","108","2026-01-10 21:31:31","114","53.00","0","2026-01-10 21:31:31","2026-01-10 21:31:31"
"991","3","9","2026-01-10 19:28:31","130","70.00","0","2026-01-10 19:28:31","2026-01-10 19:28:31"
"992","3","63","2026-01-10 02:59:33","121","94.00","0","2026-01-10 02:59:33","2026-01-10 02:59:33"
"993","3","161","2026-01-11 12:45:47","251","95.00","1","2026-01-11 12:45:47","2026-01-11 12:45:47"
"994","3","23","2026-01-11 21:26:19","134","64.00","0","2026-01-11 21:26:19","2026-01-11 21:26:19"
"995","3","110","2026-01-11 21:16:14","282","95.00","1","2026-01-11 21:16:14","2026-01-11 21:16:14"
"996","3","126","2026-01-11 10:32:43","219","89.00","0","2026-01-11 10:32:43","2026-01-11 10:32:43"
"997","3","111","2026-01-11 11:00:12","243","89.00","0","2026-01-11 11:00:12","2026-01-11 11:00:12"
"998","3","110","2026-01-12 21:30:52","160","54.00","0","2026-01-12 21:30:52","2026-01-12 21:30:52"
"999","3","101","2026-01-12 07:23:32","237","99.00","1","2026-01-12 07:23:32","2026-01-12 07:23:32"
"1000","3","168","2026-01-12 08:20:15","186","70.00","0","2026-01-12 08:20:15","2026-01-12 08:20:15"
"1001","3","156","2026-01-13 19:08:32","287","98.00","1","2026-01-13 19:08:32","2026-01-13 19:08:32"
"1002","3","127","2026-01-13 11:43:41","147","95.00","1","2026-01-13 11:43:41","2026-01-13 11:43:41"
"1003","3","41","2026-01-13 22:22:43","226","95.00","1","2026-01-13 22:22:43","2026-01-13 22:22:43"
"1004","3","153","2026-01-14 07:18:32","89","42.00","0","2026-01-14 07:18:32","2026-01-14 07:18:32"
"1005","3","140","2026-01-14 12:51:02","200","78.00","0","2026-01-14 12:51:02","2026-01-14 12:51:02"
"1006","3","111","2026-01-14 19:55:05","207","76.00","0","2026-01-14 19:55:05","2026-01-14 19:55:05"
"1007","3","135","2026-01-14 12:12:57","91","37.00","0","2026-01-14 12:12:57","2026-01-14 12:12:57"
"1008","3","123","2026-01-14 21:52:11","119","45.00","0","2026-01-14 21:52:11","2026-01-14 21:52:11"
"1009","3","15","2026-01-14 13:31:21","243","81.00","0","2026-01-14 13:31:21","2026-01-14 13:31:21"
"1010","3","28","2026-01-15 18:33:32","266","95.00","1","2026-01-15 18:33:32","2026-01-15 18:33:32"
"1011","3","76","2026-01-15 16:21:11","305","96.00","1","2026-01-15 16:21:11","2026-01-15 16:21:11"
"1012","3","5","2026-01-15 18:13:19","173","76.00","0","2026-01-15 18:13:19","2026-01-15 18:13:19"
"1013","3","151","2026-01-15 13:59:49","168","99.00","1","2026-01-15 13:59:49","2026-01-15 13:59:49"
"1014","3","112","2026-01-16 19:11:24","209","87.00","0","2026-01-16 19:11:24","2026-01-16 19:11:24"
"1015","3","27","2026-01-16 08:00:35","202","69.00","0","2026-01-16 08:00:35","2026-01-16 08:00:35"
"1016","3","47","2026-01-16 19:04:01","213","90.00","0","2026-01-16 19:04:01","2026-01-16 19:04:01"
"1017","3","171","2026-01-16 06:35:30","99","42.00","0","2026-01-16 06:35:30","2026-01-16 06:35:30"
"1018","3","137","2026-01-16 19:54:15","211","88.00","0","2026-01-16 19:54:15","2026-01-16 19:54:15"
"1019","3","158","2026-01-16 17:37:44","209","99.00","1","2026-01-16 17:37:44","2026-01-16 17:37:44"
"1020","3","111","2026-01-17 21:21:41","221","81.00","0","2026-01-17 21:21:41","2026-01-17 21:21:41"
"1021","3","171","2026-01-17 12:00:10","205","87.00","0","2026-01-17 12:00:10","2026-01-17 12:00:10"
"1022","3","168","2026-01-17 08:03:19","192","72.00","0","2026-01-17 08:03:19","2026-01-17 08:03:19"
"1023","3","142","2026-01-17 12:51:22","234","100.00","1","2026-01-17 12:51:22","2026-01-17 12:51:22"
"1024","3","1","2026-01-18 22:03:51","158","73.00","0","2026-01-18 22:03:51","2026-01-18 22:03:51"
"1025","3","21","2026-01-18 15:51:31","209","75.00","0","2026-01-18 15:51:31","2026-01-18 15:51:31"
"1026","3","170","2026-01-18 20:32:40","177","95.00","1","2026-01-18 20:32:40","2026-01-18 20:32:40"
"1027","3","78","2026-01-19 23:18:34","264","88.00","0","2026-01-19 23:18:34","2026-01-19 23:18:34"
"1028","3","6","2026-01-19 08:48:49","81","37.00","0","2026-01-19 08:48:49","2026-01-19 08:48:49"
"1029","3","161","2026-01-19 17:04:46","209","79.00","0","2026-01-19 17:04:46","2026-01-19 17:04:46"
"1030","3","83","2026-01-19 22:16:53","210","97.00","1","2026-01-19 22:16:53","2026-01-19 22:16:53"
"1031","3","6","2026-01-20 22:33:54","185","85.00","0","2026-01-20 22:33:54","2026-01-20 22:33:54"
"1032","3","95","2026-01-20 22:41:04","182","76.00","0","2026-01-20 22:41:04","2026-01-20 22:41:04"
"1033","3","122","2026-01-20 12:52:55","250","80.00","0","2026-01-20 12:52:55","2026-01-20 12:52:55"
"1034","3","50","2026-01-21 15:02:50","204","71.00","0","2026-01-21 15:02:50","2026-01-21 15:02:50"
"1035","3","47","2026-01-21 20:19:28","211","89.00","0","2026-01-21 20:19:28","2026-01-21 20:19:28"
"1036","3","146","2026-01-21 21:22:24","215","97.00","1","2026-01-21 21:22:24","2026-01-21 21:22:24"
"1037","3","107","2026-01-21 19:16:30","397","99.00","1","2026-01-21 19:16:30","2026-01-21 19:16:30"
"1038","3","101","2026-01-21 12:00:11","234","98.00","1","2026-01-21 12:00:11","2026-01-21 12:00:11"
"1039","3","135","2026-01-21 20:46:30","241","98.00","1","2026-01-21 20:46:30","2026-01-21 20:46:30"
"1040","3","137","2026-01-21 21:30:48","235","98.00","1","2026-01-21 21:30:48","2026-01-21 21:30:48"
"1041","3","162","2026-01-22 21:41:18","172","73.00","0","2026-01-22 21:41:18","2026-01-22 21:41:18"
"1042","3","110","2026-01-22 21:14:33","214","72.00","0","2026-01-22 21:14:33","2026-01-22 21:14:33"
"1043","3","150","2026-01-22 14:44:11","155","61.00","0","2026-01-22 14:44:11","2026-01-22 14:44:11"
"1044","3","137","2026-01-22 20:17:14","228","95.00","1","2026-01-22 20:17:14","2026-01-22 20:17:14"
"1045","3","153","2026-01-22 12:31:04","201","95.00","1","2026-01-22 12:31:04","2026-01-22 12:31:04"
"1046","3","36","2026-01-22 23:07:47","250","97.00","1","2026-01-22 23:07:47","2026-01-22 23:07:47"
"1047","3","37","2026-01-22 10:50:42","191","78.00","0","2026-01-22 10:50:42","2026-01-22 10:50:42"
"1048","3","16","2026-01-23 09:43:43","301","85.00","0","2026-01-23 09:43:43","2026-01-23 09:43:43"
"1049","3","153","2026-01-23 23:24:12","199","94.00","0","2026-01-23 23:24:12","2026-01-23 23:24:12"
"1050","3","73","2026-01-23 02:38:28","223","83.00","0","2026-01-23 02:38:28","2026-01-23 02:38:28"
"1051","3","160","2026-01-24 21:11:48","186","91.00","0","2026-01-24 21:11:48","2026-01-24 21:11:48"
"1052","3","120","2026-01-24 18:48:58","228","95.00","1","2026-01-24 18:48:58","2026-01-24 18:48:58"
"1053","3","62","2026-01-24 22:52:15","199","73.00","0","2026-01-24 22:52:15","2026-01-24 22:52:15"
"1054","3","14","2026-01-24 22:25:46","102","48.00","0","2026-01-24 22:25:46","2026-01-24 22:25:46"
"1055","3","14","2026-01-24 16:37:04","202","95.00","1","2026-01-24 16:37:04","2026-01-24 16:37:04"
"1056","3","43","2026-01-24 20:23:31","104","37.00","0","2026-01-24 20:23:31","2026-01-24 20:23:31"
"1057","3","28","2026-01-25 19:29:56","241","86.00","0","2026-01-25 19:29:56","2026-01-25 19:29:56"
"1058","3","70","2026-01-25 23:08:59","86","37.00","0","2026-01-25 23:08:59","2026-01-25 23:08:59"
"1059","3","110","2026-01-25 21:58:27","184","62.00","0","2026-01-25 21:58:27","2026-01-25 21:58:27"
"1060","3","108","2026-01-25 10:26:38","86","40.00","0","2026-01-25 10:26:38","2026-01-25 10:26:38"
"1061","3","20","2026-01-26 20:06:40","311","91.00","0","2026-01-26 20:06:40","2026-01-26 20:06:40"
"1062","3","56","2026-01-26 08:04:24","243","65.00","0","2026-01-26 08:04:24","2026-01-26 08:04:24"
"1063","3","22","2026-01-26 13:35:50","244","74.00","0","2026-01-26 13:35:50","2026-01-26 13:35:50"
"1064","3","110","2026-01-26 18:33:02","252","85.00","0","2026-01-26 18:33:02","2026-01-26 18:33:02"
"1065","3","160","2026-01-26 19:30:53","202","99.00","1","2026-01-26 19:30:53","2026-01-26 19:30:53"
"1066","3","165","2026-01-27 09:45:28","309","95.00","1","2026-01-27 09:45:28","2026-01-27 09:45:28"
"1067","3","140","2026-01-27 08:43:23","243","95.00","1","2026-01-27 08:43:23","2026-01-27 08:43:23"
"1068","3","111","2026-01-27 10:08:49","248","91.00","0","2026-01-27 10:08:49","2026-01-27 10:08:49"
"1069","3","146","2026-01-27 08:57:08","191","86.00","0","2026-01-27 08:57:08","2026-01-27 08:57:08"
"1070","3","142","2026-01-28 07:08:12","227","97.00","1","2026-01-28 07:08:12","2026-01-28 07:08:12"
"1071","3","6","2026-01-28 20:27:14","135","62.00","0","2026-01-28 20:27:14","2026-01-28 20:27:14"
"1072","3","151","2026-01-28 12:05:45","124","73.00","0","2026-01-28 12:05:45","2026-01-28 12:05:45"
"1073","3","138","2026-01-28 16:49:57","316","88.00","0","2026-01-28 16:49:57","2026-01-28 16:49:57"
"1074","3","47","2026-01-29 22:54:08","197","83.00","0","2026-01-29 22:54:08","2026-01-29 22:54:08"
"1075","3","142","2026-01-29 22:59:21","152","65.00","0","2026-01-29 22:59:21","2026-01-29 22:59:21"
"1076","3","80","2026-01-29 22:15:14","446","93.00","0","2026-01-29 22:15:14","2026-01-29 22:15:14"
"1077","3","107","2026-01-29 22:39:49","349","87.00","0","2026-01-29 22:39:49","2026-01-29 22:39:49"
"1078","3","86","2026-01-29 10:21:50","278","86.00","0","2026-01-29 10:21:50","2026-01-29 10:21:50"
"1079","3","140","2026-01-29 20:16:06","113","44.00","0","2026-01-29 20:16:06","2026-01-29 20:16:06"
"1080","3","146","2026-01-30 10:43:43","189","85.00","0","2026-01-30 10:43:43","2026-01-30 10:43:43"
"1081","3","107","2026-01-30 15:44:48","245","61.00","0","2026-01-30 15:44:48","2026-01-30 15:44:48"
"1082","3","66","2026-01-31 10:30:22","250","99.00","1","2026-01-31 10:30:22","2026-01-31 10:30:22"
"1083","3","136","2026-01-31 17:53:55","210","97.00","1","2026-01-31 17:53:55","2026-01-31 17:53:55"
"1084","3","172","2026-01-31 20:12:47","83","41.00","0","2026-01-31 20:12:47","2026-01-31 20:12:47"
"1085","3","158","2026-01-31 16:11:05","207","98.00","1","2026-01-31 16:11:05","2026-01-31 16:11:05"
"1086","3","16","2026-01-31 09:36:28","350","99.00","1","2026-01-31 09:36:28","2026-01-31 09:36:28"
"1087","3","76","2026-02-01 16:18:49","254","80.00","0","2026-02-01 16:18:49","2026-02-01 16:18:49"
"1088","3","45","2026-02-01 19:14:13","249","98.00","1","2026-02-01 19:14:13","2026-02-01 19:14:13"
"1089","3","110","2026-02-01 06:03:25","273","92.00","0","2026-02-01 06:03:25","2026-02-01 06:03:25"
"1090","3","112","2026-02-01 21:51:55","101","42.00","0","2026-02-01 21:51:55","2026-02-01 21:51:55"
"1091","3","147","2026-02-01 17:46:34","185","75.00","0","2026-02-01 17:46:34","2026-02-01 17:46:34"
"1092","3","108","2026-02-01 18:37:14","189","88.00","0","2026-02-01 18:37:14","2026-02-01 18:37:14"
"1093","3","138","2026-02-02 07:54:21","345","96.00","1","2026-02-02 07:54:21","2026-02-02 07:54:21"
"1094","3","106","2026-02-02 08:39:29","216","95.00","1","2026-02-02 08:39:29","2026-02-02 08:39:29"
"1095","3","106","2026-02-02 12:16:40","216","95.00","1","2026-02-02 12:16:40","2026-02-02 12:16:40"
"1096","3","112","2026-02-03 16:50:17","228","95.00","1","2026-02-03 16:50:17","2026-02-03 16:50:17"
"1097","3","115","2026-02-03 05:40:17","141","73.00","0","2026-02-03 05:40:17","2026-02-03 05:40:17"
"1098","3","143","2026-02-04 19:46:36","249","92.00","0","2026-02-04 19:46:36","2026-02-04 19:46:36"
"1099","3","102","2026-02-04 03:46:08","217","77.00","0","2026-02-04 03:46:08","2026-02-04 03:46:08"
"1100","3","141","2026-02-04 23:55:48","174","73.00","0","2026-02-04 23:55:48","2026-02-04 23:55:48"
"1101","3","107","2026-02-04 21:02:32","389","97.00","1","2026-02-04 21:02:32","2026-02-04 21:02:32"
"1102","3","107","2026-02-04 13:51:04","285","71.00","0","2026-02-04 13:51:04","2026-02-04 13:51:04"
"1103","3","14","2026-02-04 10:51:00","198","93.00","0","2026-02-04 10:51:00","2026-02-04 10:51:00"
"1104","3","143","2026-02-05 15:16:55","179","66.00","0","2026-02-05 15:16:55","2026-02-05 15:16:55"
"1105","3","18","2026-02-05 13:08:33","253","71.00","0","2026-02-05 13:08:33","2026-02-05 13:08:33"
"1106","3","87","2026-02-05 13:11:46","351","95.00","1","2026-02-05 13:11:46","2026-02-05 13:11:46"
"1107","3","75","2026-02-05 22:23:09","237","55.00","0","2026-02-05 22:23:09","2026-02-05 22:23:09"
"1108","3","42","2026-02-06 23:40:50","173","69.00","0","2026-02-06 23:40:50","2026-02-06 23:40:50"
"1109","3","107","2026-02-06 09:40:08","365","91.00","0","2026-02-06 09:40:08","2026-02-06 09:40:08"
"1110","3","55","2026-02-06 09:32:36","305","97.00","1","2026-02-06 09:32:36","2026-02-06 09:32:36"
"1111","3","142","2026-02-06 20:51:59","89","38.00","0","2026-02-06 20:51:59","2026-02-06 20:51:59"
"1112","3","137","2026-02-07 17:31:05","240","100.00","1","2026-02-07 17:31:05","2026-02-07 17:31:05"
"1113","3","41","2026-02-07 12:11:43","228","96.00","1","2026-02-07 12:11:43","2026-02-07 12:11:43"
"1114","3","80","2026-02-07 16:09:54","403","84.00","0","2026-02-07 16:09:54","2026-02-07 16:09:54"
"1115","3","168","2026-02-08 22:21:18","242","91.00","0","2026-02-08 22:21:18","2026-02-08 22:21:18"
"1116","3","142","2026-02-08 20:20:13","201","86.00","0","2026-02-08 20:20:13","2026-02-08 20:20:13"
"1117","3","111","2026-02-08 23:20:45","216","79.00","0","2026-02-08 23:20:45","2026-02-08 23:20:45"
"1118","3","106","2026-02-08 00:11:23","200","88.00","0","2026-02-08 00:11:23","2026-02-08 00:11:23"
"1119","3","87","2026-02-08 14:27:47","214","58.00","0","2026-02-08 14:27:47","2026-02-08 14:27:47"
"1120","3","140","2026-02-08 20:23:16","248","97.00","1","2026-02-08 20:23:16","2026-02-08 20:23:16"
"1121","3","46","2026-02-09 21:32:20","218","78.00","0","2026-02-09 21:32:20","2026-02-09 21:32:20"
"1122","3","102","2026-02-09 19:48:14","268","95.00","1","2026-02-09 19:48:14","2026-02-09 19:48:14"
"1123","3","157","2026-02-09 10:37:37","139","43.00","0","2026-02-09 10:37:37","2026-02-09 10:37:37"
"1124","3","25","2026-02-09 22:53:28","228","67.00","0","2026-02-09 22:53:28","2026-02-09 22:53:28"
"1125","3","118","2026-02-09 01:29:16","133","51.00","0","2026-02-09 01:29:16","2026-02-09 01:29:16"
"1126","3","112","2026-02-09 09:38:22","151","63.00","0","2026-02-09 09:38:22","2026-02-09 09:38:22"
"1127","3","120","2026-02-10 20:07:19","228","95.00","1","2026-02-10 20:07:19","2026-02-10 20:07:19"
"1128","3","4","2026-02-10 19:40:48","115","64.00","0","2026-02-10 19:40:48","2026-02-10 19:40:48"
"1129","3","95","2026-02-10 16:54:05","199","83.00","0","2026-02-10 16:54:05","2026-02-10 16:54:05"
"1130","3","41","2026-02-11 21:51:29","226","95.00","1","2026-02-11 21:51:29","2026-02-11 21:51:29"
"1131","3","68","2026-02-11 20:45:19","271","96.00","1","2026-02-11 20:45:19","2026-02-11 20:45:19"
"1132","3","161","2026-02-11 17:03:45","209","79.00","0","2026-02-11 17:03:45","2026-02-11 17:03:45"
"1133","3","136","2026-02-11 23:14:25","193","89.00","0","2026-02-11 23:14:25","2026-02-11 23:14:25"
"1134","3","162","2026-02-11 17:54:11","195","83.00","0","2026-02-11 17:54:11","2026-02-11 17:54:11"
"1135","3","141","2026-02-11 22:34:57","121","51.00","0","2026-02-11 22:34:57","2026-02-11 22:34:57"
"1136","3","9","2026-02-12 03:20:35","118","64.00","0","2026-02-12 03:20:35","2026-02-12 03:20:35"
"1137","3","52","2026-02-12 21:06:17","253","100.00","1","2026-02-12 21:06:17","2026-02-12 21:06:17"
"1138","3","51","2026-02-12 22:29:37","266","95.00","1","2026-02-12 22:29:37","2026-02-12 22:29:37"
"1139","3","110","2026-02-12 19:12:24","291","98.00","1","2026-02-12 19:12:24","2026-02-12 19:12:24"
"1140","3","137","2026-02-13 07:32:06","199","83.00","0","2026-02-13 07:32:06","2026-02-13 07:32:06"
"1141","3","156","2026-02-13 19:59:00","255","87.00","0","2026-02-13 19:59:00","2026-02-13 19:59:00"
"1142","3","35","2026-02-13 22:08:08","196","71.00","0","2026-02-13 22:08:08","2026-02-13 22:08:08"
"1143","3","136","2026-02-13 20:08:26","174","80.00","0","2026-02-13 20:08:26","2026-02-13 20:08:26"
"1144","3","165","2026-02-13 12:35:19","319","98.00","1","2026-02-13 12:35:19","2026-02-13 12:35:19"
"1145","3","112","2026-02-13 16:43:16","240","100.00","1","2026-02-13 16:43:16","2026-02-13 16:43:16"
"1146","3","33","2026-02-14 19:01:52","98","42.00","0","2026-02-14 19:01:52","2026-02-14 19:01:52"
"1147","3","3","2026-02-14 13:42:07","112","60.00","0","2026-02-14 13:42:07","2026-02-14 13:42:07"
"1148","3","25","2026-02-15 16:32:29","331","97.00","1","2026-02-15 16:32:29","2026-02-15 16:32:29"
"1149","3","110","2026-02-15 14:14:28","235","79.00","0","2026-02-15 14:14:28","2026-02-15 14:14:28"
"1150","3","42","2026-02-15 01:36:44","236","94.00","0","2026-02-15 01:36:44","2026-02-15 01:36:44"
"1151","3","81","2026-02-15 11:20:11","200","78.00","0","2026-02-15 11:20:11","2026-02-15 11:20:11"
"1152","3","110","2026-02-16 22:13:54","297","100.00","1","2026-02-16 22:13:54","2026-02-16 22:13:54"
"1153","3","142","2026-02-16 10:16:03","234","100.00","1","2026-02-16 10:16:03","2026-02-16 10:16:03"
"1154","3","78","2026-02-16 22:03:31","282","94.00","0","2026-02-16 22:03:31","2026-02-16 22:03:31"
"1155","3","1","2026-02-16 11:35:14","184","85.00","0","2026-02-16 11:35:14","2026-02-16 11:35:14"
"1156","3","128","2026-02-16 21:05:22","157","73.00","0","2026-02-16 21:05:22","2026-02-16 21:05:22"
"1157","3","110","2026-02-16 16:27:01","160","54.00","0","2026-02-16 16:27:01","2026-02-16 16:27:01"
"1158","3","28","2026-02-17 18:25:10","221","79.00","0","2026-02-17 18:25:10","2026-02-17 18:25:10"
"1159","3","72","2026-02-17 21:39:00","222","72.00","0","2026-02-17 21:39:00","2026-02-17 21:39:00"
"1160","3","161","2026-02-17 10:30:37","119","45.00","0","2026-02-17 10:30:37","2026-02-17 10:30:37"
"1161","3","170","2026-02-17 14:31:57","169","91.00","0","2026-02-17 14:31:57","2026-02-17 14:31:57"
"1162","3","155","2026-02-18 22:15:05","171","72.00","0","2026-02-18 22:15:05","2026-02-18 22:15:05"
"1163","3","90","2026-02-18 20:18:00","351","90.00","0","2026-02-18 20:18:00","2026-02-18 20:18:00"
"1164","3","172","2026-02-18 09:37:19","152","75.00","0","2026-02-18 09:37:19","2026-02-18 09:37:19"
"1165","3","131","2026-02-18 18:42:17","264","97.00","1","2026-02-18 18:42:17","2026-02-18 18:42:17"
"1166","3","160","2026-02-18 09:04:37","194","95.00","1","2026-02-18 09:04:37","2026-02-18 09:04:37"
"1167","3","55","2026-02-19 21:52:10","148","47.00","0","2026-02-19 21:52:10","2026-02-19 21:52:10"
"1168","3","117","2026-02-19 07:56:26","201","95.00","1","2026-02-19 07:56:26","2026-02-19 07:56:26"
"1169","3","130","2026-02-19 08:12:21","270","84.00","0","2026-02-19 08:12:21","2026-02-19 08:12:21"
"1170","3","115","2026-02-19 21:11:23","79","41.00","0","2026-02-19 21:11:23","2026-02-19 21:11:23"
"1171","3","160","2026-02-19 18:57:59","165","81.00","0","2026-02-19 18:57:59","2026-02-19 18:57:59"
"1172","3","35","2026-02-19 17:49:32","190","69.00","0","2026-02-19 17:49:32","2026-02-19 17:49:32"
"1173","3","152","2026-02-20 13:26:16","194","80.00","0","2026-02-20 13:26:16","2026-02-20 13:26:16"
"1174","3","121","2026-02-20 22:50:03","183","64.00","0","2026-02-20 22:50:03","2026-02-20 22:50:03"
"1175","3","30","2026-02-20 12:40:06","218","86.00","0","2026-02-20 12:40:06","2026-02-20 12:40:06"
"1176","3","126","2026-02-20 14:47:37","209","85.00","0","2026-02-20 14:47:37","2026-02-20 14:47:37"
"1177","3","158","2026-02-20 12:47:59","207","98.00","1","2026-02-20 12:47:59","2026-02-20 12:47:59"
"1178","3","32","2026-02-20 19:47:58","211","73.00","0","2026-02-20 19:47:58","2026-02-20 19:47:58"
"1179","3","166","2026-02-21 01:50:03","155","67.00","0","2026-02-21 01:50:03","2026-02-21 01:50:03"
"1180","3","40","2026-02-21 07:05:40","323","96.00","1","2026-02-21 07:05:40","2026-02-21 07:05:40"
"1181","3","112","2026-02-21 10:18:56","180","75.00","0","2026-02-21 10:18:56","2026-02-21 10:18:56"
"1182","3","106","2026-02-21 17:58:39","129","57.00","0","2026-02-21 17:58:39","2026-02-21 17:58:39"
"1183","3","156","2026-02-22 19:18:57","290","99.00","1","2026-02-22 19:18:57","2026-02-22 19:18:57"
"1184","3","156","2026-02-22 12:57:40","226","77.00","0","2026-02-22 12:57:40","2026-02-22 12:57:40"
"1185","3","108","2026-02-22 10:40:28","168","78.00","0","2026-02-22 10:40:28","2026-02-22 10:40:28"
"1186","3","152","2026-02-22 19:10:47","201","83.00","0","2026-02-22 19:10:47","2026-02-22 19:10:47"
"1187","3","146","2026-02-23 13:38:20","220","99.00","1","2026-02-23 13:38:20","2026-02-23 13:38:20"
"1188","3","38","2026-02-23 23:55:09","159","61.00","0","2026-02-23 23:55:09","2026-02-23 23:55:09"
"1189","3","158","2026-02-23 21:48:54","209","99.00","1","2026-02-23 21:48:54","2026-02-23 21:48:54"
"1190","3","132","2026-02-23 15:10:46","242","75.00","0","2026-02-23 15:10:46","2026-02-23 15:10:46"
"1191","3","170","2026-02-23 13:49:05","180","97.00","1","2026-02-23 13:49:05","2026-02-23 13:49:05"
"1192","3","150","2026-02-24 18:35:41","198","78.00","0","2026-02-24 18:35:41","2026-02-24 18:35:41"
"1193","3","50","2026-02-24 19:38:38","212","74.00","0","2026-02-24 19:38:38","2026-02-24 19:38:38"
"1194","3","56","2026-02-24 23:42:30","194","52.00","0","2026-02-24 23:42:30","2026-02-24 23:42:30"
"1195","3","105","2026-02-24 08:19:01","165","74.00","0","2026-02-24 08:19:01","2026-02-24 08:19:01"
"1196","3","53","2026-02-24 09:05:30","192","78.00","0","2026-02-24 09:05:30","2026-02-24 09:05:30"
"1197","3","143","2026-02-25 19:09:43","266","98.00","1","2026-02-25 19:09:43","2026-02-25 19:09:43"
"1198","3","111","2026-02-25 21:51:15","257","94.00","0","2026-02-25 21:51:15","2026-02-25 21:51:15"
"1199","3","141","2026-02-25 15:49:57","140","59.00","0","2026-02-25 15:49:57","2026-02-25 15:49:57"
"1200","3","141","2026-02-25 08:16:26","188","79.00","0","2026-02-25 08:16:26","2026-02-25 08:16:26"
"1201","3","150","2026-02-25 23:40:49","251","99.00","1","2026-02-25 23:40:49","2026-02-25 23:40:49"
"1202","3","55","2026-02-26 17:12:38","257","82.00","0","2026-02-26 17:12:38","2026-02-26 17:12:38"
"1203","3","122","2026-02-26 09:47:43","309","99.00","1","2026-02-26 09:47:43","2026-02-26 09:47:43"
"1204","3","172","2026-02-26 23:34:32","199","98.00","1","2026-02-26 23:34:32","2026-02-26 23:34:32"
"1205","3","156","2026-02-27 22:41:20","214","73.00","0","2026-02-27 22:41:20","2026-02-27 22:41:20"
"1206","3","60","2026-02-27 09:26:16","339","93.00","0","2026-02-27 09:26:16","2026-02-27 09:26:16"
"1207","3","158","2026-02-27 21:28:33","167","79.00","0","2026-02-27 21:28:33","2026-02-27 21:28:33"
"1208","3","150","2026-02-27 08:23:17","180","71.00","0","2026-02-27 08:23:17","2026-02-27 08:23:17"
"1209","3","142","2026-02-27 17:44:28","164","70.00","0","2026-02-27 17:44:28","2026-02-27 17:44:28"
"1210","3","107","2026-02-27 10:01:39","385","96.00","1","2026-02-27 10:01:39","2026-02-27 10:01:39"
"1211","3","110","2026-02-28 18:06:10","119","40.00","0","2026-02-28 18:06:10","2026-02-28 18:06:10"
"1212","3","41","2026-02-28 12:32:35","98","41.00","0","2026-02-28 12:32:35","2026-02-28 12:32:35"
"1213","3","153","2026-02-28 22:52:04","104","49.00","0","2026-02-28 22:52:04","2026-02-28 22:52:04"
"1214","3","142","2026-02-28 01:01:10","227","97.00","1","2026-02-28 01:01:10","2026-02-28 01:01:10"
"1215","3","147","2026-03-01 21:12:04","234","95.00","1","2026-03-01 21:12:04","2026-03-01 21:12:04"
"1216","3","143","2026-03-01 21:30:22","165","61.00","0","2026-03-01 21:30:22","2026-03-01 21:30:22"
"1217","3","163","2026-03-01 07:07:27","295","98.00","1","2026-03-01 07:07:27","2026-03-01 07:07:27"
"1218","3","26","2026-03-01 22:42:16","291","99.00","1","2026-03-01 22:42:16","2026-03-01 22:42:16"
"1219","3","108","2026-03-02 14:10:07","157","73.00","0","2026-03-02 14:10:07","2026-03-02 14:10:07"
"1220","3","52","2026-03-02 20:11:35","238","94.00","0","2026-03-02 20:11:35","2026-03-02 20:11:35"
"1221","3","147","2026-03-02 19:21:44","177","72.00","0","2026-03-02 19:21:44","2026-03-02 19:21:44"
"1222","3","23","2026-03-02 16:48:54","210","100.00","1","2026-03-02 16:48:54","2026-03-02 16:48:54"
"1223","3","53","2026-03-03 12:47:04","212","86.00","0","2026-03-03 12:47:04","2026-03-03 12:47:04"
"1224","3","26","2026-03-03 09:17:17","291","99.00","1","2026-03-03 09:17:17","2026-03-03 09:17:17"
"1225","3","38","2026-03-03 19:52:53","224","86.00","0","2026-03-03 19:52:53","2026-03-03 19:52:53"
"1226","3","171","2026-03-03 19:33:25","205","87.00","0","2026-03-03 19:33:25","2026-03-03 19:33:25"
"1227","3","153","2026-03-03 20:45:18","148","70.00","0","2026-03-03 20:45:18","2026-03-03 20:45:18"
"1228","3","140","2026-03-03 06:07:44","136","53.00","0","2026-03-03 06:07:44","2026-03-03 06:07:44"
"1229","3","163","2026-03-04 20:24:35","181","60.00","0","2026-03-04 20:24:35","2026-03-04 20:24:35"
"1230","3","86","2026-03-04 01:38:56","139","43.00","0","2026-03-04 01:38:56","2026-03-04 01:38:56"
"1231","3","108","2026-03-04 14:59:42","99","46.00","0","2026-03-04 14:59:42","2026-03-04 14:59:42"
"1232","3","4","2026-03-04 11:49:57","176","98.00","1","2026-03-04 11:49:57","2026-03-04 11:49:57"
"1233","3","151","2026-03-04 17:19:17","163","96.00","1","2026-03-04 17:19:17","2026-03-04 17:19:17"
"1234","3","168","2026-03-04 15:06:09","218","82.00","0","2026-03-04 15:06:09","2026-03-04 15:06:09"
"1235","3","31","2026-03-05 18:54:09","229","99.00","1","2026-03-05 18:54:09","2026-03-05 18:54:09"
"1236","3","142","2026-03-05 19:41:40","168","72.00","0","2026-03-05 19:41:40","2026-03-05 19:41:40"
"1237","3","23","2026-03-05 12:58:04","149","71.00","0","2026-03-05 12:58:04","2026-03-05 12:58:04"
"1238","3","55","2026-03-06 09:47:16","201","64.00","0","2026-03-06 09:47:16","2026-03-06 09:47:16"
"1239","3","165","2026-03-06 06:16:42","231","71.00","0","2026-03-06 06:16:42","2026-03-06 06:16:42"
"1240","3","112","2026-03-06 20:09:12","199","83.00","0","2026-03-06 20:09:12","2026-03-06 20:09:12"
"1241","3","62","2026-03-07 10:23:29","196","72.00","0","2026-03-07 10:23:29","2026-03-07 10:23:29"
"1242","3","162","2026-03-07 23:36:07","172","73.00","0","2026-03-07 23:36:07","2026-03-07 23:36:07"
"1243","3","137","2026-03-07 18:40:00","199","83.00","0","2026-03-07 18:40:00","2026-03-07 18:40:00"
"1244","3","137","2026-03-07 02:22:33","192","80.00","0","2026-03-07 02:22:33","2026-03-07 02:22:33"
"1245","3","22","2026-03-07 15:28:08","274","83.00","0","2026-03-07 15:28:08","2026-03-07 15:28:08"
"1246","3","157","2026-03-07 09:01:58","317","98.00","1","2026-03-07 09:01:58","2026-03-07 09:01:58"
"1247","3","161","2026-03-08 23:34:33","253","96.00","1","2026-03-08 23:34:33","2026-03-08 23:34:33"
"1248","3","88","2026-03-08 18:03:55","197","53.00","0","2026-03-08 18:03:55","2026-03-08 18:03:55"
"1249","3","51","2026-03-08 07:47:45","210","75.00","0","2026-03-08 07:47:45","2026-03-08 07:47:45"
"1250","3","151","2026-03-08 10:06:29","126","74.00","0","2026-03-08 10:06:29","2026-03-08 10:06:29"
"1251","3","56","2026-03-08 18:12:41","153","41.00","0","2026-03-08 18:12:41","2026-03-08 18:12:41"
"1252","3","135","2026-03-08 19:10:22","244","99.00","1","2026-03-08 19:10:22","2026-03-08 19:10:22"
"1253","3","152","2026-03-09 12:41:05","179","74.00","0","2026-03-09 12:41:05","2026-03-09 12:41:05"
"1254","3","171","2026-03-09 05:36:34","149","63.00","0","2026-03-09 05:36:34","2026-03-09 05:36:34"
"1255","3","47","2026-03-09 06:16:33","194","82.00","0","2026-03-09 06:16:33","2026-03-09 06:16:33"
"1256","3","152","2026-03-09 19:18:56","203","84.00","0","2026-03-09 19:18:56","2026-03-09 19:18:56"
"1257","3","157","2026-03-09 17:34:43","323","100.00","1","2026-03-09 17:34:43","2026-03-09 17:34:43"
"1258","3","56","2026-03-09 11:35:22","131","35.00","0","2026-03-09 11:35:22","2026-03-09 11:35:22"
"1259","3","113","2026-03-10 21:33:55","254","83.00","0","2026-03-10 21:33:55","2026-03-10 21:33:55"
"1260","3","157","2026-03-10 22:03:49","239","74.00","0","2026-03-10 22:03:49","2026-03-10 22:03:49"
"1261","3","142","2026-03-10 21:42:57","229","98.00","1","2026-03-10 21:42:57","2026-03-10 21:42:57"
"1262","3","73","2026-03-11 11:23:51","94","35.00","0","2026-03-11 11:23:51","2026-03-11 11:23:51"
"1263","3","52","2026-03-11 07:13:31","195","77.00","0","2026-03-11 07:13:31","2026-03-11 07:13:31"
"1264","3","56","2026-03-11 20:05:23","292","78.00","0","2026-03-11 20:05:23","2026-03-11 20:05:23"
"1265","3","157","2026-03-11 19:09:18","323","100.00","1","2026-03-11 19:09:18","2026-03-11 19:09:18"
"1266","3","152","2026-03-11 14:43:45","218","90.00","0","2026-03-11 14:43:45","2026-03-11 14:43:45"
"1267","3","105","2026-03-11 19:34:25","129","58.00","0","2026-03-11 19:34:25","2026-03-11 19:34:25"
"1268","3","143","2026-03-12 21:04:56","117","43.00","0","2026-03-12 21:04:56","2026-03-12 21:04:56"
"1269","3","110","2026-03-12 17:43:09","294","99.00","1","2026-03-12 17:43:09","2026-03-12 17:43:09"
"1270","3","157","2026-03-12 09:23:49","310","96.00","1","2026-03-12 09:23:49","2026-03-12 09:23:49"
"1271","3","110","2026-03-13 21:23:57","187","63.00","0","2026-03-13 21:23:57","2026-03-13 21:23:57"
"1272","3","28","2026-03-13 06:13:42","179","64.00","0","2026-03-13 06:13:42","2026-03-13 06:13:42"
"1273","3","137","2026-03-13 20:50:11","202","84.00","0","2026-03-13 20:50:11","2026-03-13 20:50:11"
"1274","3","107","2026-03-13 11:07:28","253","63.00","0","2026-03-13 11:07:28","2026-03-13 11:07:28"
"1275","3","105","2026-03-13 20:33:08","165","74.00","0","2026-03-13 20:33:08","2026-03-13 20:33:08"
"1276","3","168","2026-03-13 08:10:02","141","53.00","0","2026-03-13 08:10:02","2026-03-13 08:10:02"
"1277","3","122","2026-03-14 19:48:24","259","83.00","0","2026-03-14 19:48:24","2026-03-14 19:48:24"
"1278","3","163","2026-03-14 21:54:50","256","85.00","0","2026-03-14 21:54:50","2026-03-14 21:54:50"
"1279","3","130","2026-03-15 13:35:20","196","61.00","0","2026-03-15 13:35:20","2026-03-15 13:35:20"
"1280","3","142","2026-03-15 20:48:40","84","36.00","0","2026-03-15 20:48:40","2026-03-15 20:48:40"
"1281","3","131","2026-03-15 22:00:10","133","49.00","0","2026-03-15 22:00:10","2026-03-15 22:00:10"
"1282","3","33","2026-03-15 19:30:14","184","79.00","0","2026-03-15 19:30:14","2026-03-15 19:30:14"
"1283","3","21","2026-03-15 09:13:05","133","48.00","0","2026-03-15 09:13:05","2026-03-15 09:13:05"
"1284","3","112","2026-03-16 21:59:57","185","77.00","0","2026-03-16 21:59:57","2026-03-16 21:59:57"
"1285","3","161","2026-03-16 17:54:50","256","97.00","1","2026-03-16 17:54:50","2026-03-16 17:54:50"
"1286","3","113","2026-03-17 21:10:15","297","97.00","1","2026-03-17 21:10:15","2026-03-17 21:10:15"
"1287","3","147","2026-03-17 14:35:11","212","86.00","0","2026-03-17 14:35:11","2026-03-17 14:35:11"
"1288","3","168","2026-03-18 19:11:17","213","80.00","0","2026-03-18 19:11:17","2026-03-18 19:11:17"
"1289","3","162","2026-03-18 22:24:29","226","96.00","1","2026-03-18 22:24:29","2026-03-18 22:24:29"
"1290","3","172","2026-03-18 11:17:15","106","52.00","0","2026-03-18 11:17:15","2026-03-18 11:17:15"
"1291","3","108","2026-03-19 21:42:42","176","82.00","0","2026-03-19 21:42:42","2026-03-19 21:42:42"
"1292","3","150","2026-03-19 19:32:43","165","65.00","0","2026-03-19 19:32:43","2026-03-19 19:32:43"
"1293","3","83","2026-03-19 21:13:51","204","94.00","0","2026-03-19 21:13:51","2026-03-19 21:13:51"
"1294","3","128","2026-03-19 07:10:34","194","90.00","0","2026-03-19 07:10:34","2026-03-19 07:10:34"
"1295","3","157","2026-03-19 15:32:14","262","81.00","0","2026-03-19 15:32:14","2026-03-19 15:32:14"
"1296","3","87","2026-03-19 08:23:07","306","83.00","0","2026-03-19 08:23:07","2026-03-19 08:23:07"
"1297","3","127","2026-03-19 00:15:33","87","56.00","0","2026-03-19 00:15:33","2026-03-19 00:15:33"
"1298","3","83","2026-03-20 20:36:59","141","65.00","0","2026-03-20 20:36:59","2026-03-20 20:36:59"
"1299","3","45","2026-03-20 20:34:23","216","85.00","0","2026-03-20 20:34:23","2026-03-20 20:34:23"
"1300","3","111","2026-03-21 13:08:10","139","51.00","0","2026-03-21 13:08:10","2026-03-21 13:08:10"
"1301","3","142","2026-03-21 08:19:31","187","80.00","0","2026-03-21 08:19:31","2026-03-21 08:19:31"
"1302","3","135","2026-03-21 19:55:39","101","41.00","0","2026-03-21 19:55:39","2026-03-21 19:55:39"
"1303","3","143","2026-03-21 08:50:18","233","86.00","0","2026-03-21 08:50:18","2026-03-21 08:50:18"
"1304","3","78","2026-03-22 12:53:27","111","37.00","0","2026-03-22 12:53:27","2026-03-22 12:53:27"
"1305","3","105","2026-03-22 07:09:28","183","82.00","0","2026-03-22 07:09:28","2026-03-22 07:09:28"
"1306","3","140","2026-03-23 20:21:10","228","89.00","0","2026-03-23 20:21:10","2026-03-23 20:21:10"
"1307","3","92","2026-03-23 04:12:57","240","99.00","1","2026-03-23 04:12:57","2026-03-23 04:12:57"
"1308","3","142","2026-03-24 15:37:59","91","39.00","0","2026-03-24 15:37:59","2026-03-24 15:37:59"
"1309","3","136","2026-03-24 17:14:42","165","76.00","0","2026-03-24 17:14:42","2026-03-24 17:14:42"
"1310","3","26","2026-03-25 17:59:22","226","77.00","0","2026-03-25 17:59:22","2026-03-25 17:59:22"
"1311","3","141","2026-03-25 11:24:39","219","92.00","0","2026-03-25 11:24:39","2026-03-25 11:24:39"
"1312","3","107","2026-03-25 11:24:45","144","36.00","0","2026-03-25 11:24:45","2026-03-25 11:24:45"
"1313","3","55","2026-03-25 12:02:36","151","48.00","0","2026-03-25 12:02:36","2026-03-25 12:02:36"
"1314","3","167","2026-03-25 13:02:39","197","82.00","0","2026-03-25 13:02:39","2026-03-25 13:02:39"
"1315","3","150","2026-03-25 18:05:28","246","97.00","1","2026-03-25 18:05:28","2026-03-25 18:05:28"
"1316","3","138","2026-03-25 12:01:03","180","50.00","0","2026-03-25 12:01:03","2026-03-25 12:01:03"
"1317","3","135","2026-03-26 09:27:01","199","81.00","0","2026-03-26 09:27:01","2026-03-26 09:27:01"
"1318","3","53","2026-03-26 19:12:34","91","37.00","0","2026-03-26 19:12:34","2026-03-26 19:12:34"
"1319","3","152","2026-03-26 19:51:42","230","95.00","1","2026-03-26 19:51:42","2026-03-26 19:51:42"
"1320","3","107","2026-03-26 20:57:05","253","63.00","0","2026-03-26 20:57:05","2026-03-26 20:57:05"
"1321","3","110","2026-03-26 18:34:06","193","65.00","0","2026-03-26 18:34:06","2026-03-26 18:34:06"
"1322","3","2","2026-03-26 18:57:01","131","65.00","0","2026-03-26 18:57:01","2026-03-26 18:57:01"
"1323","3","135","2026-03-27 23:20:36","155","63.00","0","2026-03-27 23:20:36","2026-03-27 23:20:36"
"1324","3","143","2026-03-27 10:55:05","217","80.00","0","2026-03-27 10:55:05","2026-03-27 10:55:05"
"1325","3","35","2026-03-27 06:11:56","235","85.00","0","2026-03-27 06:11:56","2026-03-27 06:11:56"
"1326","3","150","2026-03-27 21:56:04","196","77.00","0","2026-03-27 21:56:04","2026-03-27 21:56:04"
"1327","3","111","2026-03-27 20:14:24","240","88.00","0","2026-03-27 20:14:24","2026-03-27 20:14:24"
"1328","3","146","2026-03-28 06:43:12","209","94.00","0","2026-03-28 06:43:12","2026-03-28 06:43:12"
"1329","3","115","2026-03-28 07:26:02","112","58.00","0","2026-03-28 07:26:02","2026-03-28 07:26:02"
"1330","3","153","2026-03-28 09:12:22","174","82.00","0","2026-03-28 09:12:22","2026-03-28 09:12:22"
"1331","3","14","2026-03-28 10:35:40","207","97.00","1","2026-03-28 10:35:40","2026-03-28 10:35:40"
"1332","3","156","2026-03-29 11:41:11","287","98.00","1","2026-03-29 11:41:11","2026-03-29 11:41:11"
"1333","3","150","2026-03-29 20:51:12","196","77.00","0","2026-03-29 20:51:12","2026-03-29 20:51:12"
"1334","3","14","2026-03-29 20:06:06","113","53.00","0","2026-03-29 20:06:06","2026-03-29 20:06:06"
"1335","3","116","2026-03-29 13:13:24","294","88.00","0","2026-03-29 13:13:24","2026-03-29 13:13:24"
"1336","3","140","2026-03-29 05:48:18","223","87.00","0","2026-03-29 05:48:18","2026-03-29 05:48:18"
"1337","3","92","2026-03-29 19:48:41","206","85.00","0","2026-03-29 19:48:41","2026-03-29 19:48:41"
"1338","3","146","2026-03-30 05:49:06","222","100.00","1","2026-03-30 05:49:06","2026-03-30 05:49:06"
"1339","3","38","2026-03-30 08:01:44","253","97.00","1","2026-03-30 08:01:44","2026-03-30 08:01:44"
"1340","3","142","2026-03-31 03:36:00","147","63.00","0","2026-03-31 03:36:00","2026-03-31 03:36:00"
"1341","3","156","2026-03-31 17:20:34","220","75.00","0","2026-03-31 17:20:34","2026-03-31 17:20:34"
"1342","3","158","2026-03-31 20:21:43","200","95.00","1","2026-03-31 20:21:43","2026-03-31 20:21:43"
"1343","3","45","2026-03-31 20:16:22","246","97.00","1","2026-03-31 20:16:22","2026-03-31 20:16:22"
"1344","3","171","2026-04-01 19:43:57","116","49.00","0","2026-04-01 19:43:57","2026-04-01 19:43:57"
"1345","3","53","2026-04-01 21:52:18","246","100.00","1","2026-04-01 21:52:18","2026-04-01 21:52:18"
"1346","3","32","2026-04-01 15:43:02","171","59.00","0","2026-04-01 15:43:02","2026-04-01 15:43:02"
"1347","3","116","2026-04-01 19:47:03","327","98.00","1","2026-04-01 19:47:03","2026-04-01 19:47:03"
"1348","3","108","2026-04-01 22:57:54","159","74.00","0","2026-04-01 22:57:54","2026-04-01 22:57:54"
"1349","3","131","2026-04-02 07:09:36","199","73.00","0","2026-04-02 07:09:36","2026-04-02 07:09:36"
"1350","3","112","2026-04-02 21:37:52","221","92.00","0","2026-04-02 21:37:52","2026-04-02 21:37:52"
"1351","3","26","2026-04-02 20:07:25","247","84.00","0","2026-04-02 20:07:25","2026-04-02 20:07:25"
"1352","3","110","2026-04-02 12:50:32","282","95.00","1","2026-04-02 12:50:32","2026-04-02 12:50:32"
"1353","3","163","2026-04-02 08:04:41","265","88.00","0","2026-04-02 08:04:41","2026-04-02 08:04:41"
"1354","3","80","2026-04-03 10:03:34","355","74.00","0","2026-04-03 10:03:34","2026-04-03 10:03:34"
"1355","3","152","2026-04-03 06:25:20","174","72.00","0","2026-04-03 06:25:20","2026-04-03 06:25:20"
"1356","3","32","2026-04-03 13:53:53","277","96.00","1","2026-04-03 13:53:53","2026-04-03 13:53:53"
"1357","3","127","2026-04-03 09:42:57","65","42.00","0","2026-04-03 09:42:57","2026-04-03 09:42:57"
"1358","3","73","2026-04-03 08:26:45","264","98.00","1","2026-04-03 08:26:45","2026-04-03 08:26:45"
"1359","3","12","2026-04-04 21:49:33","208","97.00","1","2026-04-04 21:49:33","2026-04-04 21:49:33"
"1360","3","161","2026-04-04 14:46:47","232","88.00","0","2026-04-04 14:46:47","2026-04-04 14:46:47"
"1361","3","158","2026-04-04 03:56:47","158","75.00","0","2026-04-04 03:56:47","2026-04-04 03:56:47"
"1362","3","47","2026-04-04 05:46:06","168","71.00","0","2026-04-04 05:46:06","2026-04-04 05:46:06"
"1363","3","56","2026-04-05 10:07:25","322","86.00","0","2026-04-05 10:07:25","2026-04-05 10:07:25"
"1364","3","141","2026-04-05 07:03:03","102","43.00","0","2026-04-05 07:03:03","2026-04-05 07:03:03"
"1365","3","171","2026-04-06 19:07:05","215","91.00","0","2026-04-06 19:07:05","2026-04-06 19:07:05"
"1366","3","50","2026-04-06 11:03:01","212","74.00","0","2026-04-06 11:03:01","2026-04-06 11:03:01"
"1367","3","110","2026-04-07 19:57:11","169","57.00","0","2026-04-07 19:57:11","2026-04-07 19:57:11"
"1368","3","121","2026-04-07 20:47:45","286","100.00","1","2026-04-07 20:47:45","2026-04-07 20:47:45"
"1369","3","162","2026-04-07 13:50:43","207","88.00","0","2026-04-07 13:50:43","2026-04-07 13:50:43"
"1370","3","160","2026-04-07 08:19:14","196","96.00","1","2026-04-07 08:19:14","2026-04-07 08:19:14"
"1371","3","171","2026-04-08 16:37:28","106","45.00","0","2026-04-08 16:37:28","2026-04-08 16:37:28"
"1372","3","95","2026-04-08 21:07:15","238","99.00","1","2026-04-08 21:07:15","2026-04-08 21:07:15"
"1373","3","110","2026-04-08 00:14:37","238","80.00","0","2026-04-08 00:14:37","2026-04-08 00:14:37"
"1374","3","70","2026-04-08 18:23:57","226","97.00","1","2026-04-08 18:23:57","2026-04-08 18:23:57"
"1375","3","52","2026-04-08 18:00:35","207","82.00","0","2026-04-08 18:00:35","2026-04-08 18:00:35"
"1376","3","47","2026-04-08 10:01:11","142","60.00","0","2026-04-08 10:01:11","2026-04-08 10:01:11"
"1377","3","147","2026-04-09 07:24:34","216","88.00","0","2026-04-09 07:24:34","2026-04-09 07:24:34"
"1378","3","51","2026-04-09 10:07:43","244","87.00","0","2026-04-09 10:07:43","2026-04-09 10:07:43"
"1379","3","90","2026-04-09 14:27:36","285","73.00","0","2026-04-09 14:27:36","2026-04-09 14:27:36"
"1380","3","125","2026-04-09 23:08:37","252","94.00","0","2026-04-09 23:08:37","2026-04-09 23:08:37"
"1381","3","108","2026-04-09 17:17:16","161","75.00","0","2026-04-09 17:17:16","2026-04-09 17:17:16"
"1382","3","11","2026-04-09 18:12:57","107","59.00","0","2026-04-09 18:12:57","2026-04-09 18:12:57"
"1383","3","130","2026-04-09 13:15:34","199","62.00","0","2026-04-09 13:15:34","2026-04-09 13:15:34"
"1384","3","107","2026-04-10 22:56:55","156","39.00","0","2026-04-10 22:56:55","2026-04-10 22:56:55"
"1385","3","73","2026-04-10 20:04:29","221","82.00","0","2026-04-10 20:04:29","2026-04-10 20:04:29"
"1386","3","22","2026-04-10 09:10:40","142","43.00","0","2026-04-10 09:10:40","2026-04-10 09:10:40"
"1387","3","148","2026-04-10 13:55:21","266","96.00","1","2026-04-10 13:55:21","2026-04-10 13:55:21"
"1388","3","113","2026-04-10 23:44:51","303","99.00","1","2026-04-10 23:44:51","2026-04-10 23:44:51"
"1389","3","6","2026-04-10 22:19:17","94","43.00","0","2026-04-10 22:19:17","2026-04-10 22:19:17"
"1390","3","142","2026-04-11 18:45:57","178","76.00","0","2026-04-11 18:45:57","2026-04-11 18:45:57"
"1391","3","138","2026-04-11 19:06:13","330","92.00","0","2026-04-11 19:06:13","2026-04-11 19:06:13"
"1392","3","162","2026-04-11 21:09:46","197","84.00","0","2026-04-11 21:09:46","2026-04-11 21:09:46"
"1393","3","143","2026-04-11 22:06:22","195","72.00","0","2026-04-11 22:06:22","2026-04-11 22:06:22"
"1394","3","35","2026-04-11 22:14:21","270","98.00","1","2026-04-11 22:14:21","2026-04-11 22:14:21"
